trees,strength_a,strength_b,strength_c,action_a,action_b,action_c,reward,blame_a,blame_b,blame_c,Unnamed: 0,max,post,model,trial_id
1,1,1,3,0,0,0,0.0,0.6149496646117294,0.6149496646117294,0.1508816977733238,23,4.0,0.691337433569196,rationality,0
2,1,1,3,0,0,0,0.0,0.540752575263654,0.540752575263654,0.5252777199414906,239,3.0,0.15435563863512172,rationality,0
3,1,1,3,0,0,0,0.0,0.4028877566245353,0.4028877566245353,0.6681576224117673,455,2.0,0.15430692779568228,rationality,0
1,3,1,1,0,0,0,0.0,0.1508816977733238,0.6149496646117293,0.6149496646117293,151,4.0,0.6828285104161755,rationality,1
2,3,1,1,0,0,0,0.0,0.5252777199414906,0.540752575263654,0.540752575263654,367,3.0,0.16069147032824235,rationality,1
3,3,1,1,0,0,0,0.0,0.6681576224117673,0.40288775662453535,0.40288775662453535,583,2.0,0.156480019255582,rationality,1
1,1,3,1,0,0,0,0.0,0.6149496646117293,0.1508816977733238,0.6149496646117293,55,4.0,0.1542845582077395,rationality,2
2,1,3,1,0,0,0,0.0,0.540752575263654,0.5252777199414906,0.540752575263654,271,3.0,0.15429160539061101,rationality,2
3,1,3,1,0,0,0,0.0,0.40288775662453535,0.6681576224117673,0.40288775662453535,487,2.0,0.6914238364016495,rationality,2
1,1,1,3,1,1,1,0.0,0.3850503353882706,0.3850503353882706,0.8491183022266762,16,4.0,0.6828285104161755,rationality,3
2,1,1,3,1,1,1,0.0,0.45924742473634605,0.45924742473634605,0.47472228005850936,232,3.0,0.16069147032824235,rationality,3
3,1,1,3,1,1,1,0.0,0.5971122433754648,0.5971122433754648,0.33184237758823265,448,2.0,0.156480019255582,rationality,3
1,3,1,1,1,1,1,0.0,0.8491183022266762,0.3850503353882707,0.3850503353882707,144,4.0,0.691337433569196,rationality,4
2,3,1,1,1,1,1,0.0,0.47472228005850936,0.45924742473634605,0.45924742473634605,360,3.0,0.15435563863512172,rationality,4
3,3,1,1,1,1,1,0.0,0.33184237758823265,0.5971122433754646,0.5971122433754646,576,2.0,0.15430692779568228,rationality,4
1,1,3,1,1,1,1,0.0,0.3850503353882707,0.8491183022266762,0.3850503353882707,48,4.0,0.1542845582077395,rationality,5
2,1,3,1,1,1,1,0.0,0.45924742473634605,0.47472228005850936,0.45924742473634605,264,3.0,0.15429160539061101,rationality,5
3,1,3,1,1,1,1,0.0,0.5971122433754646,0.33184237758823265,0.5971122433754646,480,2.0,0.6914238364016495,rationality,5
2,1,2,3,1,1,0,3.0,0.6704567184242847,0.3098835877322864,0.3843003842841298,257,4.0,0.2416005899524307,rationality,6
2,2,2,3,1,1,0,3.0,0.4910242522780043,0.4910242522780043,0.21237594282777375,329,5.0,0.17723389173107756,rationality,6
2,3,2,3,1,1,0,3.0,0.7349394648030241,0.36590559689448365,0.2650605351969759,401,6.0,0.5811655183164917,rationality,6
2,3,1,2,0,1,1,3.0,0.3843003842841298,0.6704567184242847,0.3098835877322864,372,4.0,0.1593238449780006,rationality,7
2,3,2,2,0,1,1,3.0,0.21237594282777372,0.4910242522780044,0.4910242522780044,396,5.0,0.6780553661461484,rationality,7
2,3,3,2,0,1,1,3.0,0.2650605351969759,0.7349394648030241,0.36590559689448365,420,6.0,0.16262078887585113,rationality,7
2,3,3,1,1,0,1,3.0,0.45828700998403316,0.5417129900159668,0.6768506660203502,410,4.0,0.6444763456065639,rationality,8
2,3,3,2,1,0,1,3.0,0.7349394648030241,0.2650605351969759,0.36590559689448365,418,6.0,0.16536441940082772,rationality,8
2,3,3,3,1,0,1,3.0,0.6372521764111692,0.36274782358883084,0.6372521764111692,426,6.0,0.19015923499260837,rationality,8
2,3,1,3,1,1,0,3.0,0.45828700998403316,0.6768506660203502,0.5417129900159668,377,4.0,0.15428452355114783,rationality,9
2,3,2,3,1,1,0,3.0,0.7349394648030241,0.36590559689448365,0.2650605351969759,401,6.0,0.6914239707704305,rationality,9
2,3,3,3,1,1,0,3.0,0.6372521764111692,0.6372521764111692,0.36274782358883084,425,6.0,0.15429150567842165,rationality,9
2,3,3,1,0,1,1,3.0,0.5417129900159668,0.45828700998403316,0.6768506660203502,412,4.0,0.15470455402431338,rationality,10
2,3,3,2,0,1,1,3.0,0.2650605351969759,0.7349394648030241,0.36590559689448365,420,6.0,0.15530851714570906,rationality,10
2,3,3,3,0,1,1,3.0,0.36274782358883084,0.6372521764111692,0.6372521764111692,428,6.0,0.6899869288299775,rationality,10
1,1,3,2,1,1,0,2.0,0.27720245099874397,0.831225757273927,0.39432759251956595,57,5.0,0.8175737761108844,rationality,11
1,1,3,2,0,1,0,3.0,0.722797549001256,0.831225757273927,0.39432759251956595,61,5.0,0.1824262238891156,rationality,11
1,1,2,3,1,0,1,2.0,0.27720245099874397,0.3943275925195659,0.831225757273927,42,5.0,0.1824262238891156,rationality,12
1,1,2,3,0,0,1,3.0,0.722797549001256,0.3943275925195659,0.831225757273927,46,5.0,0.8175737761108844,rationality,12
3,3,2,2,0,1,0,0.0,0.760270595005902,0.6237149503892622,0.37628504961073783,613,4.0,0.5,rationality,13
3,3,2,2,0,0,0,0.0,0.760270595005902,0.37628504961073783,0.37628504961073783,615,4.0,0.5,rationality,13
3,2,3,2,0,0,1,0.0,0.37628504961073783,0.760270595005902,0.6237149503892622,566,4.0,0.18269282357468147,rationality,14
3,2,3,2,0,0,0,0.0,0.37628504961073783,0.760270595005902,0.37628504961073783,567,4.0,0.8173071764253185,rationality,14
3,3,1,2,0,1,1,3.0,0.6463850710891902,0.4835619663030576,0.5848444206084087,588,3.0,0.18242552380635635,rationality,15
3,3,1,2,0,0,1,0.0,0.6463850710891902,0.5164380336969424,0.5848444206084087,590,3.0,0.8175744761936437,rationality,15
3,2,3,1,1,0,1,3.0,0.5848444206084087,0.6463850710891902,0.4835619663030575,554,3.0,0.18242552380635635,rationality,16
3,2,3,1,1,0,0,0.0,0.5848444206084087,0.6463850710891902,0.5164380336969425,555,3.0,0.8175744761936437,rationality,16
1,1,2,1,1,0,1,2.0,0.4694233689823639,0.29580017973136685,0.4694233689823639,26,3.0,0.026033533727177392,rationality,17
2,1,2,1,1,0,1,2.0,0.5155391194647896,0.5849833514440815,0.5155391194647896,242,2.0,0.0058256357394960235,rationality,17
3,1,2,1,1,0,1,0.0,0.5,0.5698130028166353,0.5,458,1.0,0.005832426753563553,rationality,17
1,1,2,1,0,0,1,3.0,0.5305766310176361,0.29580017973136685,0.4694233689823639,30,3.0,0.10806093289806509,rationality,17
2,1,2,1,0,0,1,0.0,0.48446088053521047,0.5849833514440815,0.5155391194647896,246,2.0,0.024181259422229956,rationality,17
3,1,2,1,0,0,1,0.0,0.5,0.5698130028166353,0.5,462,1.0,0.024209447808914278,rationality,17
1,1,2,1,1,0,0,3.0,0.4694233689823639,0.29580017973136685,0.5305766310176361,27,3.0,0.1080609328980651,rationality,17
2,1,2,1,1,0,0,0.0,0.5155391194647896,0.5849833514440815,0.48446088053521047,243,2.0,0.024181259422229956,rationality,17
3,1,2,1,1,0,0,0.0,0.5,0.5698130028166353,0.5,459,1.0,0.024209447808914278,rationality,17
1,1,2,1,0,0,0,0.0,0.5305766310176361,0.29580017973136685,0.5305766310176361,31,3.0,0.4485432266388751,rationality,17
2,1,2,1,0,0,0,0.0,0.48446088053521047,0.5849833514440815,0.48446088053521047,247,2.0,0.10037244575400973,rationality,17
3,1,2,1,0,0,0,0.0,0.5,0.5698130028166353,0.5,463,1.0,0.10048945112845951,rationality,17
3,1,1,3,1,1,1,0.0,0.5971122433754648,0.5971122433754648,0.33184237758823265,448,2.0,0.1533129196430604,rationality,18
3,2,1,3,1,1,1,0.0,0.5848444206084087,0.4835619663030576,0.3536149289108098,520,3.0,0.1622308148418817,rationality,18
3,3,1,3,1,1,1,0.0,0.45828700998403316,0.6768506660203502,0.45828700998403316,592,4.0,0.07600820286572456,rationality,18
3,1,2,3,1,1,1,0.0,0.4835619663030576,0.5848444206084087,0.3536149289108098,472,3.0,0.1622308148418817,rationality,18
3,2,2,3,1,1,1,0.0,0.6237149503892622,0.6237149503892622,0.239729404994098,544,4.0,0.1716674455455927,rationality,18
3,3,2,3,1,1,1,0.0,0.3942938421405776,0.8357854969103845,0.3942938421405776,616,5.0,0.0804294426998194,rationality,18
3,1,3,3,1,1,1,0.0,0.6768506660203502,0.45828700998403316,0.45828700998403316,496,4.0,0.07600820286572456,rationality,18
3,2,3,3,1,1,1,0.0,0.8357854969103845,0.3942938421405776,0.3942938421405776,568,5.0,0.0804294426998194,rationality,18
3,3,3,3,1,1,1,0.0,0.6372521764111692,0.6372521764111692,0.6372521764111692,640,6.0,0.037682713996495476,rationality,18
3,1,1,1,0,1,0,0.0,0.5,0.5,0.5,437,0.0,0.0281754147196701,rationality,19
3,1,2,1,0,1,0,0.0,0.5,0.4301869971833647,0.5,461,1.0,0.028230152768807693,rationality,19
3,1,3,1,0,1,0,2.0,0.40288775662453535,0.33184237758823265,0.40288775662453535,485,2.0,0.1260286049563289,rationality,19
3,1,1,1,0,0,0,0.0,0.5,0.5,0.5,439,0.0,0.12626612625968917,rationality,19
3,1,2,1,0,0,0,0.0,0.5,0.5698130028166353,0.5,463,1.0,0.12651143095147035,rationality,19
3,1,3,1,0,0,0,0.0,0.40288775662453535,0.6681576224117673,0.40288775662453535,487,2.0,0.5647882703440339,rationality,19
3,2,1,1,0,0,0,0.0,0.5698130028166353,0.5,0.5,511,1.0,0.15452413175616858,rationality,20
3,2,1,2,0,0,0,0.0,0.528704084939394,0.6166645608745863,0.528704084939394,519,2.0,0.15439539963121726,rationality,20
3,2,1,3,0,0,0,0.0,0.4151555793915913,0.5164380336969424,0.6463850710891902,527,3.0,0.6910804686126143,rationality,20
3,1,1,2,1,1,0,0.0,0.5,0.5,0.5698130028166353,441,1.0,0.25,rationality,21
3,1,1,2,0,1,0,0.0,0.5,0.5,0.5698130028166353,445,1.0,0.25,rationality,21
3,1,1,2,1,0,0,0.0,0.5,0.5,0.5698130028166353,443,1.0,0.25,rationality,21
3,1,1,2,0,0,0,0.0,0.5,0.5,0.5698130028166353,447,1.0,0.25,rationality,21
1,1,2,2,1,1,1,0.0,0.37695202287064344,0.6611840165925222,0.6611840165925222,32,4.0,0.18604936691300117,rationality,22
2,1,2,2,1,1,1,0.0,0.6563409932407713,0.45828700998403316,0.45828700998403304,248,3.0,0.16427565843668565,rationality,22
3,1,2,2,1,1,1,0.0,0.3833354391254137,0.471295915060606,0.471295915060606,464,2.0,0.6496749746503133,rationality,22
1,2,1,2,1,1,1,0.0,0.6611840165925222,0.37695202287064344,0.6611840165925222,80,4.0,0.2039044462188142,rationality,23
2,2,1,2,1,1,1,0.0,0.45828700998403316,0.6563409932407713,0.45828700998403304,296,3.0,0.3122018717195804,rationality,23
3,2,1,2,1,1,1,0.0,0.471295915060606,0.3833354391254137,0.471295915060606,512,2.0,0.4838936820616054,rationality,23
1,2,2,1,1,1,1,0.0,0.6611840165925222,0.6611840165925222,0.37695202287064344,96,4.0,0.691378774162529,rationality,24
2,2,2,1,1,1,1,0.0,0.45828700998403304,0.45828700998403304,0.6563409932407713,312,3.0,0.15429622763257347,rationality,24
3,2,2,1,1,1,1,0.0,0.471295915060606,0.471295915060606,0.38333543912541357,528,2.0,0.15432499820489756,rationality,24
1,2,3,1,1,1,1,0.0,0.605672407480434,0.831225757273927,0.2772024509987441,120,5.0,0.8175744751470863,rationality,25
1,2,3,1,1,0,1,3.0,0.605672407480434,0.16877424272607303,0.2772024509987441,122,5.0,0.18242552485291375,rationality,25
1,2,1,1,1,0,0,2.0,0.7041998202686331,0.5305766310176361,0.5305766310176361,75,3.0,0.8175723393990584,rationality,26
1,2,1,1,0,0,0,0.0,0.29580017973136685,0.5305766310176361,0.5305766310176361,79,3.0,0.18242766060094154,rationality,26
1,1,2,1,0,1,0,2.0,0.5305766310176361,0.7041998202686331,0.5305766310176361,29,3.0,0.18242766060094154,rationality,27
1,1,2,1,0,0,0,0.0,0.5305766310176361,0.29580017973136685,0.5305766310176361,31,3.0,0.8175723393990584,rationality,27
3,1,2,3,0,1,1,1.0,0.5164380336969424,0.5848444206084087,0.3536149289108098,476,3.0,0.23500371220159444,rationality,28
3,1,2,3,0,0,1,3.0,0.5164380336969424,0.4151555793915913,0.3536149289108098,478,3.0,0.1425369565965509,rationality,28
3,1,2,3,0,1,0,0.0,0.5164380336969424,0.5848444206084087,0.6463850710891902,477,3.0,0.38745561900026,rationality,28
3,1,2,3,0,0,0,0.0,0.5164380336969424,0.4151555793915913,0.6463850710891902,479,3.0,0.23500371220159444,rationality,28
3,3,1,2,1,0,1,1.0,0.3536149289108098,0.5164380336969424,0.5848444206084087,586,3.0,0.09123515434464863,rationality,29
3,3,1,2,0,0,1,0.0,0.6463850710891902,0.5164380336969424,0.5848444206084087,590,3.0,0.40879358747549877,rationality,29
3,3,1,2,1,0,0,3.0,0.3536149289108098,0.5164380336969424,0.41515557939159137,587,3.0,0.09122466588997401,rationality,29
3,3,1,2,0,0,0,0.0,0.6463850710891902,0.5164380336969424,0.41515557939159137,591,3.0,0.4087465922898786,rationality,29
2,1,1,2,1,1,0,2.0,0.5155391194647896,0.5155391194647896,0.5849833514440815,225,2.0,0.16427465350136372,rationality,30
2,1,1,2,0,1,0,0.0,0.48446088053521047,0.5155391194647896,0.5849833514440815,229,2.0,0.13741290188831254,rationality,30
2,1,1,2,1,0,0,0.0,0.5155391194647896,0.48446088053521047,0.5849833514440815,227,2.0,0.3802445040395483,rationality,30
2,1,1,2,0,0,0,0.0,0.48446088053521047,0.48446088053521047,0.5849833514440815,231,2.0,0.3180679405707756,rationality,30
2,2,1,1,0,1,1,2.0,0.5849833514440815,0.5155391194647896,0.5155391194647896,292,2.0,0.1425369565965509,rationality,31
2,2,1,1,0,0,1,0.0,0.5849833514440815,0.48446088053521047,0.5155391194647896,294,2.0,0.23500371220159444,rationality,31
2,2,1,1,0,1,0,0.0,0.5849833514440815,0.5155391194647896,0.48446088053521047,293,2.0,0.23500371220159444,rationality,31
2,2,1,1,0,0,0,0.0,0.5849833514440815,0.48446088053521047,0.48446088053521047,295,2.0,0.38745561900026,rationality,31
3,1,3,1,1,0,0,0.0,0.5971122433754646,0.6681576224117673,0.40288775662453535,483,2.0,0.3255234116666033,rationality,32
3,1,3,2,1,0,0,0.0,0.4835619663030576,0.6463850710891902,0.41515557939159137,491,3.0,0.48275225950232004,rationality,32
3,1,3,3,1,0,0,0.0,0.6768506660203502,0.5417129900159668,0.5417129900159668,499,4.0,0.1917243288310765,rationality,32
3,1,1,3,1,0,0,0.0,0.5971122433754648,0.4028877566245353,0.6681576224117673,451,2.0,0.16075762211369563,rationality,33
3,1,2,3,1,0,0,0.0,0.4835619663030576,0.4151555793915913,0.6463850710891902,475,3.0,0.16588109861381947,rationality,33
3,1,3,3,1,0,0,0.0,0.6768506660203502,0.5417129900159668,0.5417129900159668,499,4.0,0.6733612792724848,rationality,33
3,3,1,1,0,1,0,0.0,0.6681576224117673,0.5971122433754646,0.40288775662453535,581,2.0,0.26381051265884464,rationality,34
3,3,1,2,0,1,0,0.0,0.6463850710891902,0.4835619663030576,0.41515557939159137,589,3.0,0.40064937332239137,rationality,34
3,3,1,3,0,1,0,0.0,0.5417129900159668,0.6768506660203502,0.5417129900159668,597,4.0,0.33554011401876394,rationality,34
3,3,3,1,1,1,0,1.0,0.45828700998403316,0.45828700998403316,0.32314933397964984,625,4.0,0.8175744761936437,rationality,35
3,3,3,1,0,1,0,4.0,0.5417129900159668,0.45828700998403316,0.32314933397964984,629,4.0,0.18242552380635635,rationality,35
1,1,1,3,0,0,0,0.0,1.0,1.0,0.0,23,4.0,0.6882136836057368,pivotality,0
2,1,1,3,0,0,0,0.0,0.5,0.5,0.0,239,3.0,0.15667567887575912,pivotality,0
3,1,1,3,0,0,0,0.0,0.0,0.0,1.0,455,2.0,0.15511063751850412,pivotality,0
1,3,1,1,0,0,0,0.0,0.0,1.0,1.0,151,4.0,0.1542807729868266,pivotality,1
2,3,1,1,0,0,0,0.0,0.0,0.5,0.5,367,3.0,0.6914384540295607,pivotality,1
3,3,1,1,0,0,0,0.0,1.0,0.0,0.0,583,2.0,0.15428077298361262,pivotality,1
1,1,3,1,0,0,0,0.0,1.0,0.0,1.0,55,4.0,0.15428077298188628,pivotality,2
2,1,3,1,0,0,0,0.0,0.5,0.0,0.5,271,3.0,0.15428077298188642,pivotality,2
3,1,3,1,0,0,0,0.0,0.0,1.0,0.0,487,2.0,0.6914384540362273,pivotality,2
1,1,1,3,1,1,1,0.0,0.5,0.5,0.5,16,4.0,0.6914384539544625,pivotality,3
2,1,1,3,1,1,1,0.0,0.0,0.0,1.0,232,3.0,0.15428077304221396,pivotality,3
3,1,1,3,1,1,1,0.0,0.5,0.5,0.0,448,2.0,0.15428077300332366,pivotality,3
1,3,1,1,1,1,1,0.0,0.5,0.5,0.5,144,4.0,0.15447750914852443,pivotality,4
2,3,1,1,1,1,1,0.0,1.0,0.0,0.0,360,3.0,0.691173016414889,pivotality,4
3,3,1,1,1,1,1,0.0,0.0,0.5,0.5,576,2.0,0.15434947443658656,pivotality,4
1,1,3,1,1,1,1,0.0,0.5,0.5,0.5,48,4.0,0.18308487831225523,pivotality,5
2,1,3,1,1,1,1,0.0,0.0,1.0,0.0,264,3.0,0.16339369431440703,pivotality,5
3,1,3,1,1,1,1,0.0,0.5,0.0,0.5,480,2.0,0.6535214273733378,pivotality,5
2,1,2,3,1,1,0,3.0,1.0,0.0,0.0,257,4.0,0.4044707686614347,pivotality,6
2,2,2,3,1,1,0,3.0,1.0,1.0,0.0,329,5.0,0.1910584626771305,pivotality,6
2,3,2,3,1,1,0,3.0,1.0,0.0,0.0,401,6.0,0.4044707686614347,pivotality,6
2,3,1,2,0,1,1,3.0,0.0,1.0,0.0,372,4.0,0.3333333333333333,pivotality,7
2,3,2,2,0,1,1,3.0,0.0,1.0,1.0,396,5.0,0.3333333333333333,pivotality,7
2,3,3,2,0,1,1,3.0,0.0,1.0,0.0,420,6.0,0.3333333333333333,pivotality,7
2,3,3,1,1,0,1,3.0,0.3333333333333333,0.3333333333333333,1.0,410,4.0,0.6914312797165902,pivotality,8
2,3,3,2,1,0,1,3.0,1.0,0.0,0.0,418,6.0,0.15428263079355706,pivotality,8
2,3,3,3,1,0,1,3.0,1.0,0.3333333333333333,1.0,426,6.0,0.15428608948985265,pivotality,8
2,3,1,3,1,1,0,3.0,0.3333333333333333,1.0,0.3333333333333333,377,4.0,0.15428077298192153,pivotality,9
2,3,2,3,1,1,0,3.0,1.0,0.0,0.0,401,6.0,0.6914384540360912,pivotality,9
2,3,3,3,1,1,0,3.0,1.0,1.0,0.3333333333333333,425,6.0,0.1542807729819873,pivotality,9
2,3,3,1,0,1,1,3.0,0.3333333333333333,0.3333333333333333,1.0,412,4.0,0.15432983201200115,pivotality,10
2,3,3,2,0,1,1,3.0,0.0,1.0,0.0,420,6.0,0.15429791362449663,pivotality,10
2,3,3,3,0,1,1,3.0,0.3333333333333333,1.0,1.0,428,6.0,0.6913722543635022,pivotality,10
1,1,3,2,1,1,0,2.0,0.0,1.0,0.0,57,5.0,0.8145607154816197,pivotality,11
1,1,3,2,0,1,0,3.0,0.5,0.5,0.0,61,5.0,0.1854392845183804,pivotality,11
1,1,2,3,1,0,1,2.0,0.0,0.0,1.0,42,5.0,0.18242552381257032,pivotality,12
1,1,2,3,0,0,1,3.0,0.5,0.0,0.5,46,5.0,0.8175744761874296,pivotality,12
3,3,2,2,0,1,0,0.0,0.5,0.5,0.0,613,4.0,0.8175541625219305,pivotality,13
3,3,2,2,0,0,0,0.0,1.0,0.0,0.0,615,4.0,0.18244583747806953,pivotality,13
3,2,3,2,0,0,1,0.0,0.0,0.5,0.5,566,4.0,0.1854392845183804,pivotality,14
3,2,3,2,0,0,0,0.0,0.0,1.0,0.0,567,4.0,0.8145607154816197,pivotality,14
3,3,1,2,0,1,1,3.0,0.3333333333333333,0.3333333333333333,0.3333333333333333,588,3.0,0.18242552380635635,pivotality,15
3,3,1,2,0,0,1,0.0,0.5,1.0,0.5,590,3.0,0.8175744761936437,pivotality,15
3,2,3,1,1,0,1,3.0,0.3333333333333333,0.3333333333333333,0.3333333333333333,554,3.0,0.18242552380635635,pivotality,16
3,2,3,1,1,0,0,0.0,0.5,0.5,1.0,555,3.0,0.8175744761936437,pivotality,16
1,1,2,1,1,0,1,2.0,1.0,0.0,1.0,26,3.0,0.17198768292266403,pivotality,17
2,1,2,1,1,0,1,2.0,0.3333333333333333,0.3333333333333333,0.3333333333333333,242,2.0,0.03918578340828695,pivotality,17
3,1,2,1,1,0,1,0.0,0.5,0.5,0.5,458,1.0,0.038826533669048945,pivotality,17
1,1,2,1,0,0,1,3.0,0.5,0.0,0.5,30,3.0,0.1719876829226641,pivotality,17
2,1,2,1,0,0,1,0.0,1.0,0.5,0.5,246,2.0,0.03918578340828696,pivotality,17
3,1,2,1,0,0,1,0.0,0.3333333333333333,1.0,0.3333333333333333,462,1.0,0.03882653366904896,pivotality,17
1,1,2,1,1,0,0,3.0,0.5,0.0,0.5,27,3.0,0.1719876829226641,pivotality,17
2,1,2,1,1,0,0,0.0,0.5,0.5,1.0,243,2.0,0.03918578340828696,pivotality,17
3,1,2,1,1,0,0,0.0,0.3333333333333333,1.0,0.3333333333333333,459,1.0,0.03882653366904896,pivotality,17
1,1,2,1,0,0,0,0.0,1.0,0.0,1.0,31,3.0,0.17198768292266414,pivotality,17
2,1,2,1,0,0,0,0.0,0.5,1.0,0.5,247,2.0,0.039185783408286975,pivotality,17
3,1,2,1,0,0,0,0.0,0.5,0.5,0.5,463,1.0,0.03882653366904897,pivotality,17
3,1,1,3,1,1,1,0.0,0.5,0.5,0.0,448,2.0,0.14856363715935358,pivotality,18
3,2,1,3,1,1,1,0.0,0.5,0.5,1.0,520,3.0,0.14856363715935358,pivotality,18
3,3,1,3,1,1,1,0.0,0.5,0.5,0.5,592,4.0,0.08831226329952103,pivotality,18
3,1,2,3,1,1,1,0.0,0.5,0.5,1.0,472,3.0,0.14856363715935358,pivotality,18
3,2,2,3,1,1,1,0.0,0.5,0.5,0.0,544,4.0,0.14856363715935358,pivotality,18
3,3,2,3,1,1,1,0.0,0.5,0.5,0.5,616,5.0,0.08831226329952103,pivotality,18
3,1,3,3,1,1,1,0.0,0.5,0.5,0.5,496,4.0,0.08831226329952103,pivotality,18
3,2,3,3,1,1,1,0.0,0.5,0.5,0.5,568,5.0,0.08831226329952103,pivotality,18
3,3,3,3,1,1,1,0.0,0.5,0.5,0.5,640,6.0,0.05249639816450133,pivotality,18
3,1,1,1,0,1,0,0.0,0.0,0.0,0.0,437,0.0,0.028157283723330075,pivotality,19
3,1,2,1,0,1,0,0.0,1.0,0.0,1.0,461,1.0,0.02818064052272077,pivotality,19
3,1,3,1,0,1,0,2.0,0.0,0.0,0.0,485,2.0,0.12608759956030555,pivotality,19
3,1,1,1,0,0,0,0.0,0.0,0.0,0.0,439,0.0,0.12619219071325627,pivotality,19
3,1,2,1,0,0,0,0.0,0.5,0.5,0.5,463,1.0,0.1262968686258036,pivotality,19
3,1,3,1,0,0,0,0.0,0.0,1.0,0.0,487,2.0,0.5650854168545838,pivotality,19
3,2,1,1,0,0,0,0.0,0.5,0.5,0.5,511,1.0,0.18999858391105262,pivotality,20
3,2,1,2,0,0,0,0.0,0.5,0.5,0.5,519,2.0,0.18999858391105262,pivotality,20
3,2,1,3,0,0,0,0.0,0.5,0.5,1.0,527,3.0,0.6200028321778948,pivotality,20
3,1,1,2,1,1,0,0.0,0.5,0.5,0.5,441,1.0,0.25,pivotality,21
3,1,1,2,0,1,0,0.0,0.3333333333333333,0.3333333333333333,1.0,445,1.0,0.25,pivotality,21
3,1,1,2,1,0,0,0.0,0.3333333333333333,0.3333333333333333,1.0,443,1.0,0.25,pivotality,21
3,1,1,2,0,0,0,0.0,0.5,0.5,0.5,447,1.0,0.25,pivotality,21
1,1,2,2,1,1,1,0.0,0.0,0.5,0.5,32,4.0,0.6535214273674281,pivotality,22
2,1,2,2,1,1,1,0.0,0.5,0.5,0.5,248,3.0,0.1830848783135896,pivotality,22
3,1,2,2,1,1,1,0.0,0.0,1.0,1.0,464,2.0,0.1633936943189821,pivotality,22
1,2,1,2,1,1,1,0.0,0.5,0.0,0.5,80,4.0,0.15428209866666043,pivotality,23
2,2,1,2,1,1,1,0.0,0.5,0.5,0.5,296,3.0,0.6914366650948632,pivotality,23
3,2,1,2,1,1,1,0.0,1.0,0.0,1.0,512,2.0,0.1542812362384763,pivotality,23
1,2,2,1,1,1,1,0.0,0.5,0.5,0.0,96,4.0,0.15674313363314768,pivotality,24
2,2,2,1,1,1,1,0.0,0.5,0.5,0.5,312,3.0,0.15530613467619578,pivotality,24
3,2,2,1,1,1,1,0.0,1.0,1.0,0.0,528,2.0,0.6879507316906566,pivotality,24
1,2,3,1,1,1,1,0.0,0.5,0.5,0.0,120,5.0,0.8175744761874296,pivotality,25
1,2,3,1,1,0,1,3.0,1.0,0.0,0.0,122,5.0,0.18242552381257032,pivotality,25
1,2,1,1,1,0,0,2.0,0.5,0.5,0.5,75,3.0,0.8175744761936437,pivotality,26
1,2,1,1,0,0,0,0.0,0.0,1.0,1.0,79,3.0,0.18242552380635635,pivotality,26
1,1,2,1,0,1,0,2.0,0.5,0.5,0.5,29,3.0,0.8175744761179415,pivotality,27
1,1,2,1,0,0,0,0.0,1.0,0.0,1.0,31,3.0,0.18242552388205852,pivotality,27
3,1,2,3,0,1,1,1.0,0.5,1.0,0.5,476,3.0,0.14914653900486197,pivotality,28
3,1,2,3,0,0,1,3.0,0.3333333333333333,0.3333333333333333,0.3333333333333333,478,3.0,0.03327912167418782,pivotality,28
3,1,2,3,0,1,0,0.0,1.0,0.5,0.5,477,3.0,0.6684278003160881,pivotality,28
3,1,2,3,0,0,0,0.0,0.5,0.5,1.0,479,3.0,0.14914653900486197,pivotality,28
3,3,1,2,1,0,1,1.0,0.5,0.5,1.0,586,3.0,0.03327914664329392,pivotality,29
3,3,1,2,0,0,1,0.0,0.5,1.0,0.5,590,3.0,0.14914665090852916,pivotality,29
3,3,1,2,1,0,0,3.0,0.3333333333333333,0.3333333333333333,0.3333333333333333,587,3.0,0.1491465140357559,pivotality,29
3,3,1,2,0,0,0,0.0,1.0,0.5,0.5,591,3.0,0.6684276884124208,pivotality,29
2,1,1,2,1,1,0,2.0,0.3333333333333333,0.3333333333333333,0.3333333333333333,225,2.0,0.1491465140357559,pivotality,30
2,1,1,2,0,1,0,0.0,1.0,0.5,0.5,229,2.0,0.6684276884124211,pivotality,30
2,1,1,2,1,0,0,0.0,0.5,1.0,0.5,227,2.0,0.033279146643293914,pivotality,30
2,1,1,2,0,0,0,0.0,0.5,0.5,1.0,231,2.0,0.14914665090852916,pivotality,30
2,2,1,1,0,1,1,2.0,0.3333333333333333,0.3333333333333333,0.3333333333333333,292,2.0,0.033279121674187825,pivotality,31
2,2,1,1,0,0,1,0.0,0.5,1.0,0.5,294,2.0,0.149146539004862,pivotality,31
2,2,1,1,0,1,0,0.0,0.5,0.5,1.0,293,2.0,0.149146539004862,pivotality,31
2,2,1,1,0,0,0,0.0,1.0,0.5,0.5,295,2.0,0.6684278003160881,pivotality,31
3,1,3,1,1,0,0,0.0,0.5,0.5,0.0,483,2.0,0.653521427373298,pivotality,32
3,1,3,2,1,0,0,0.0,0.5,0.5,1.0,491,3.0,0.16339369431443784,pivotality,32
3,1,3,3,1,0,0,0.0,0.5,0.5,0.5,499,4.0,0.18308487831226422,pivotality,32
3,1,1,3,1,0,0,0.0,0.5,0.0,0.5,451,2.0,0.16339369431443782,pivotality,33
3,1,2,3,1,0,0,0.0,0.5,1.0,0.5,475,3.0,0.653521427373298,pivotality,33
3,1,3,3,1,0,0,0.0,0.5,0.5,0.5,499,4.0,0.18308487831226414,pivotality,33
3,3,1,1,0,1,0,0.0,0.5,0.5,0.0,581,2.0,0.15428256191862202,pivotality,34
3,3,1,2,0,1,0,0.0,0.5,0.5,1.0,589,3.0,0.15428256191862202,pivotality,34
3,3,1,3,0,1,0,0.0,0.5,0.5,0.5,597,4.0,0.6914348761627559,pivotality,34
3,3,3,1,1,1,0,1.0,1.0,1.0,0.0,625,4.0,0.8175744761936437,pivotality,35
3,3,3,1,0,1,0,4.0,0.5,0.5,0.0,629,4.0,0.18242552380635635,pivotality,35
1,1,1,3,0,0,0,0.0,0.6534546981505565,0.6534546981505565,0.13579352799599143,23,4.0,0.6913191492872206,mixture,0
2,1,1,3,0,0,0,0.0,0.5366773177372886,0.5366773177372886,0.4727499479473416,239,3.0,0.15436919012370598,mixture,0
3,1,1,3,0,0,0,0.0,0.36259898096208176,0.36259898096208176,0.7013418601705906,455,2.0,0.15431166058907334,mixture,0
1,3,1,1,0,0,0,0.0,0.13579352799599143,0.6534546981505563,0.6534546981505563,151,4.0,0.5767405499549411,mixture,1
2,3,1,1,0,0,0,0.0,0.4727499479473416,0.5366773177372886,0.5366773177372886,367,3.0,0.2455097154492372,mixture,1
3,3,1,1,0,0,0,0.0,0.7013418601705906,0.3625989809620818,0.3625989809620818,583,2.0,0.17774973459582177,mixture,1
1,1,3,1,0,0,0,0.0,0.6534546981505563,0.13579352799599143,0.6534546981505563,55,4.0,0.15428093359641626,mixture,2
2,1,3,1,0,0,0,0.0,0.5366773177372886,0.4727499479473416,0.5366773177372886,271,3.0,0.15428123260532262,mixture,2
3,1,3,1,0,0,0,0.0,0.3625989809620818,0.7013418601705906,0.3625989809620818,487,2.0,0.6914378337982611,mixture,2
1,1,1,3,1,1,1,0.0,0.39654530184944353,0.39654530184944353,0.8142064720040085,16,4.0,0.675509600875597,mixture,3
2,1,1,3,1,1,1,0.0,0.41332268226271146,0.41332268226271146,0.5272500520526584,232,3.0,0.16620978771195513,mixture,3
3,1,1,3,1,1,1,0.0,0.5874010190379182,0.5874010190379182,0.2986581398294094,448,2.0,0.15828061141244779,mixture,3
1,3,1,1,1,1,1,0.0,0.8142064720040085,0.39654530184944364,0.39654530184944364,144,4.0,0.685560764866636,mixture,4
2,3,1,1,1,1,1,0.0,0.5272500520526584,0.41332268226271146,0.41332268226271146,360,3.0,0.15865367885299503,mixture,4
3,3,1,1,1,1,1,0.0,0.2986581398294094,0.5874010190379182,0.5874010190379182,576,2.0,0.155785556280369,mixture,4
1,1,3,1,1,1,1,0.0,0.39654530184944364,0.8142064720040085,0.39654530184944364,48,4.0,0.15428080115100787,mixture,5
2,1,3,1,1,1,1,0.0,0.41332268226271146,0.5272500520526584,0.41332268226271146,264,3.0,0.15428085359202418,mixture,5
3,1,3,1,1,1,1,0.0,0.5874010190379182,0.2986581398294094,0.5874010190379182,480,2.0,0.691438345256968,mixture,5
2,1,2,3,1,1,0,3.0,0.7034110465818562,0.2788952289590578,0.34587034585571685,257,4.0,0.2879643418264017,mixture,6
2,2,2,3,1,1,0,3.0,0.5419218270502039,0.5419218270502039,0.19113834854499637,329,5.0,0.18423523441309525,mixture,6
2,3,2,3,1,1,0,3.0,0.7614455183227217,0.3293150372050353,0.23855448167727833,401,6.0,0.5278004237605031,mixture,6
2,3,1,2,0,1,1,3.0,0.34587034585571685,0.7034110465818562,0.2788952289590578,372,4.0,0.15692093250819833,mixture,7
2,3,2,2,0,1,1,3.0,0.19113834854499637,0.541921827050204,0.541921827050204,396,5.0,0.6852351852512478,mixture,7
2,3,3,2,0,1,1,3.0,0.23855448167727833,0.7614455183227217,0.3293150372050353,420,6.0,0.157843882240554,mixture,7
2,3,3,1,1,0,1,3.0,0.4457916423189632,0.5208750243477035,0.7091655994183151,410,4.0,0.6603742911760774,mixture,8
2,3,3,2,1,0,1,3.0,0.7614455183227217,0.23855448167727833,0.3293150372050353,418,6.0,0.1618494238589981,mixture,8
2,3,3,3,1,0,1,3.0,0.6735269587700522,0.3598063745632811,0.6735269587700522,426,6.0,0.17777628496492462,mixture,8
2,3,1,3,1,1,0,3.0,0.4457916423189632,0.7091655994183151,0.5208750243477035,377,4.0,0.1542813369641197,mixture,9
2,3,2,3,1,1,0,3.0,0.7614455183227217,0.3293150372050353,0.23855448167727833,401,6.0,0.6914362761861543,mixture,9
2,3,3,3,1,1,0,3.0,0.6735269587700522,0.6735269587700522,0.3598063745632811,425,6.0,0.15428238684972603,mixture,9
2,3,3,1,0,1,1,3.0,0.5208750243477035,0.4457916423189632,0.7091655994183151,412,4.0,0.15435597129646458,mixture,10
2,3,3,2,0,1,1,3.0,0.23855448167727833,0.7614455183227217,0.3293150372050353,420,6.0,0.15438091043207303,mixture,10
2,3,3,3,0,1,1,3.0,0.3598063745632811,0.6735269587700522,0.6735269587700522,428,6.0,0.6912631182714624,mixture,10
1,1,3,2,1,1,0,2.0,0.24948220589886957,0.8481031815465343,0.35489483326760934,57,5.0,0.8175724149009544,mixture,11
1,1,3,2,0,1,0,3.0,0.7005177941011305,0.7981031815465343,0.35489483326760934,61,5.0,0.18242758509904552,mixture,11
1,1,2,3,1,0,1,2.0,0.24948220589886957,0.3548948332676093,0.8481031815465343,42,5.0,0.1824256953570868,mixture,12
1,1,2,3,0,0,1,3.0,0.7005177941011305,0.3548948332676093,0.7981031815465343,46,5.0,0.8175743046429133,mixture,12
3,3,2,2,0,1,0,0.0,0.7342435355053119,0.6113434553503359,0.33865654464966405,613,4.0,0.5870492491658089,mixture,13
3,3,2,2,0,0,0,0.0,0.7842435355053118,0.33865654464966405,0.33865654464966405,615,4.0,0.412950750834191,mixture,13
3,2,3,2,0,0,1,0.0,0.33865654464966405,0.7342435355053119,0.6113434553503359,566,4.0,0.1826275914316937,mixture,14
3,2,3,2,0,0,0,0.0,0.33865654464966405,0.7842435355053118,0.33865654464966405,567,4.0,0.8173724085683064,mixture,14
3,3,1,2,0,1,1,3.0,0.6150798973136045,0.46853910300608514,0.5596933118809012,588,3.0,0.18242552380635635,mixture,15
3,3,1,2,0,0,1,0.0,0.6317465639802711,0.5647942303272482,0.5763599785475679,590,3.0,0.8175744761936437,mixture,15
3,2,3,1,1,0,1,3.0,0.5596933118809012,0.6150798973136045,0.4685391030060851,554,3.0,0.18242552380635635,mixture,16
3,2,3,1,1,0,0,0.0,0.5763599785475679,0.6317465639802711,0.5647942303272482,555,3.0,0.8175744761936437,mixture,16
1,1,2,1,1,0,1,2.0,0.5224810320841276,0.26622016175823016,0.5224810320841276,26,3.0,0.030736123936909703,mixture,17
2,1,2,1,1,0,1,2.0,0.49731854085164395,0.5598183496330067,0.49731854085164395,242,2.0,0.006861703806727606,mixture,17
3,1,2,1,1,0,1,0.0,0.5,0.5628317025349718,0.5,458,1.0,0.006860845943656309,mixture,17
1,1,2,1,0,0,1,3.0,0.5275189679158725,0.26622016175823016,0.4724810320841275,30,3.0,0.1150347802013383,mixture,17
2,1,2,1,0,0,1,0.0,0.5360147924816894,0.5764850162996733,0.5139852075183107,246,2.0,0.025681006194334024,mixture,17
3,1,2,1,0,0,1,0.0,0.48333333333333334,0.6128317025349718,0.48333333333333334,462,1.0,0.025677795506803873,mixture,17
1,1,2,1,1,0,0,3.0,0.4724810320841275,0.26622016175823016,0.5275189679158725,27,3.0,0.1150347802013383,mixture,17
2,1,2,1,1,0,0,0.0,0.5139852075183107,0.5764850162996733,0.5360147924816894,243,2.0,0.025681006194334027,mixture,17
3,1,2,1,1,0,0,0.0,0.48333333333333334,0.6128317025349718,0.48333333333333334,459,1.0,0.025677795506803873,mixture,17
1,1,2,1,0,0,0,0.0,0.5775189679158725,0.26622016175823016,0.5775189679158725,31,3.0,0.43053576576971264,mixture,17
2,1,2,1,0,0,0,0.0,0.48601479248168944,0.6264850162996733,0.48601479248168944,247,2.0,0.09611520662066429,mixture,17
3,1,2,1,0,0,0,0.0,0.5,0.5628317025349718,0.5,463,1.0,0.096103190117377,mixture,17
3,1,1,3,1,1,1,0.0,0.5874010190379182,0.5874010190379182,0.2986581398294094,448,2.0,0.16449416005419115,mixture,18
3,2,1,3,1,1,1,0.0,0.5763599785475679,0.4852057696727518,0.4182534360197288,520,3.0,0.16179298504190195,mixture,18
3,3,1,3,1,1,1,0.0,0.46245830898562984,0.6591655994183152,0.46245830898562984,592,4.0,0.07929165126065818,mixture,18
3,1,2,3,1,1,1,0.0,0.4852057696727518,0.5763599785475679,0.4182534360197288,472,3.0,0.16179298504190195,mixture,18
3,2,2,3,1,1,1,0.0,0.6113434553503359,0.6113434553503359,0.21575646449468822,544,4.0,0.15913616629396043,mixture,18
3,3,2,3,1,1,1,0.0,0.40486445792651987,0.802206947219346,0.40486445792651987,616,5.0,0.07798959514512264,mixture,18
3,1,3,3,1,1,1,0.0,0.6591655994183152,0.46245830898562984,0.46245830898562984,496,4.0,0.07929165126065818,mixture,18
3,2,3,3,1,1,1,0.0,0.802206947219346,0.40486445792651987,0.40486445792651987,568,5.0,0.07798959514512264,mixture,18
3,3,3,3,1,1,1,0.0,0.6235269587700523,0.6235269587700523,0.6235269587700523,640,6.0,0.03822121075648269,mixture,18
3,1,1,1,0,1,0,0.0,0.45,0.45,0.45,437,0.0,0.028148598535672024,mixture,19
3,1,2,1,0,1,0,0.0,0.55,0.3871682974650283,0.55,461,1.0,0.028155761173466486,mixture,19
3,1,3,1,0,1,0,2.0,0.3625989809620818,0.2986581398294094,0.3625989809620818,485,2.0,0.126121173853345,mixture,19
3,1,1,1,0,0,0,0.0,0.45,0.45,0.45,439,0.0,0.12615325815058348,mixture,19
3,1,2,1,0,0,0,0.0,0.5,0.5628317025349718,0.5,463,1.0,0.1261853588640019,mixture,19
3,1,3,1,0,0,0,0.0,0.3625989809620818,0.7013418601705906,0.3625989809620818,487,2.0,0.5652358494229311,mixture,19
3,2,1,1,0,0,0,0.0,0.5628317025349718,0.5,0.5,511,1.0,0.15450594779517562,mixture,20
3,2,1,2,0,0,0,0.0,0.5258336764454546,0.6049981047871278,0.5258336764454546,519,2.0,0.1543938056595364,mixture,20
3,2,1,3,0,0,0,0.0,0.4236400214524322,0.5147942303272481,0.6817465639802711,527,3.0,0.691100246545288,mixture,20
3,1,1,2,1,1,0,0.0,0.5,0.5,0.5628317025349718,441,1.0,0.25,mixture,21
3,1,1,2,0,1,0,0.0,0.48333333333333334,0.48333333333333334,0.6128317025349718,445,1.0,0.25,mixture,21
3,1,1,2,1,0,0,0.0,0.48333333333333334,0.48333333333333334,0.6128317025349718,443,1.0,0.25,mixture,21
3,1,1,2,0,0,0,0.0,0.5,0.5,0.5628317025349718,447,1.0,0.25,mixture,21
1,1,2,2,1,1,1,0.0,0.3392568205835791,0.6450656149332701,0.6450656149332701,32,4.0,0.2028394400342012,mixture,22
2,1,2,2,1,1,1,0.0,0.6407068939166942,0.46245830898562984,0.46245830898562973,248,3.0,0.16870550964268968,mixture,22
3,1,2,2,1,1,1,0.0,0.34500189521287233,0.5241663235545453,0.5241663235545453,464,2.0,0.6284550503231091,mixture,22
1,2,1,2,1,1,1,0.0,0.6450656149332701,0.3392568205835791,0.6450656149332701,80,4.0,0.20974999021099924,mixture,23
2,2,1,2,1,1,1,0.0,0.46245830898562984,0.6407068939166942,0.46245830898562973,296,3.0,0.41316794148248737,mixture,23
3,2,1,2,1,1,1,0.0,0.5241663235545453,0.34500189521287233,0.5241663235545453,512,2.0,0.3770820683065134,mixture,23
1,2,2,1,1,1,1,0.0,0.6450656149332701,0.6450656149332701,0.3392568205835791,96,4.0,0.6890226907101147,mixture,24
2,2,2,1,1,1,1,0.0,0.46245830898562973,0.46245830898562973,0.6407068939166942,312,3.0,0.15490342956306186,mixture,24
3,2,2,1,1,1,1,0.0,0.5241663235545453,0.5241663235545453,0.3450018952128722,528,2.0,0.15607387972682343,mixture,24
1,2,3,1,1,1,1,0.0,0.5951051667323906,0.7981031815465343,0.24948220589886969,120,5.0,0.8175744753610262,mixture,25
1,2,3,1,1,0,1,3.0,0.6451051667323906,0.15189681845346573,0.24948220589886969,122,5.0,0.1824255246389737,mixture,25
1,2,1,1,1,0,0,2.0,0.6837798382417699,0.5275189679158725,0.5275189679158725,75,3.0,0.8175741381508929,mixture,26
1,2,1,1,0,0,0,0.0,0.26622016175823016,0.5775189679158725,0.5775189679158725,79,3.0,0.18242586184910708,mixture,26
1,1,2,1,0,1,0,2.0,0.5275189679158725,0.6837798382417699,0.5275189679158725,29,3.0,0.1824333196758597,mixture,27
1,1,2,1,0,0,0,0.0,0.5775189679158725,0.26622016175823016,0.5775189679158725,31,3.0,0.8175666803241403,mixture,27
3,1,2,3,0,1,1,1.0,0.5147942303272481,0.6263599785475679,0.3682534360197288,476,3.0,0.18979559755787637,mixture,28
3,1,2,3,0,0,1,3.0,0.49812756366058153,0.4069733547857655,0.35158676935306216,478,3.0,0.05656972844117679,mixture,28
3,1,2,3,0,1,0,0.0,0.5647942303272482,0.5763599785475679,0.6317465639802711,477,3.0,0.5805871532948381,mixture,28
3,1,2,3,0,0,0,0.0,0.5147942303272481,0.4236400214524322,0.6817465639802711,479,3.0,0.17304752070610865,mixture,28
3,3,1,2,1,0,1,1.0,0.3682534360197288,0.5147942303272481,0.6263599785475679,586,3.0,0.06290937535993527,mixture,29
3,3,1,2,0,0,1,0.0,0.6317465639802711,0.5647942303272482,0.5763599785475679,590,3.0,0.2818746823200171,mixture,29
3,3,1,2,1,0,0,3.0,0.35158676935306216,0.49812756366058153,0.4069733547857656,587,3.0,0.11955084563534989,mixture,29
3,3,1,2,0,0,0,0.0,0.6817465639802711,0.5147942303272481,0.42364002145243224,591,3.0,0.5356650966846976,mixture,29
2,1,1,2,1,1,0,2.0,0.49731854085164395,0.49731854085164395,0.5598183496330067,225,2.0,0.20886434125471257,mixture,30
2,1,1,2,0,1,0,0.0,0.5360147924816894,0.5139852075183107,0.5764850162996733,229,2.0,0.36778800376504855,mixture,30
2,1,1,2,1,0,0,0.0,0.5139852075183107,0.5360147924816894,0.5764850162996733,227,2.0,0.153337153386838,mixture,30
2,1,1,2,0,0,0,0.0,0.48601479248168944,0.48601479248168944,0.6264850162996733,231,2.0,0.27001050159340095,mixture,30
2,2,1,1,0,1,1,2.0,0.5598183496330067,0.49731854085164395,0.49731854085164395,292,2.0,0.08576343576270024,mixture,31
2,2,1,1,0,0,1,0.0,0.5764850162996733,0.5360147924816894,0.5139852075183107,294,2.0,0.20709051377990068,mixture,31
2,2,1,1,0,1,0,0.0,0.5764850162996733,0.5139852075183107,0.5360147924816894,293,2.0,0.20709051377990068,mixture,31
2,2,1,1,0,0,0,0.0,0.6264850162996733,0.48601479248168944,0.48601479248168944,295,2.0,0.5000555366774985,mixture,31
3,1,3,1,1,0,0,0.0,0.5874010190379182,0.6513418601705907,0.3625989809620818,483,2.0,0.6108569566442685,mixture,32
3,1,3,2,1,0,0,0.0,0.4852057696727518,0.6317465639802711,0.4736400214524322,491,3.0,0.21353650095760143,mixture,32
3,1,3,3,1,0,0,0.0,0.6591655994183152,0.5375416910143702,0.5375416910143702,499,4.0,0.1756065423981301,mixture,32
3,1,1,3,1,0,0,0.0,0.5874010190379182,0.36259898096208176,0.6513418601705907,451,2.0,0.17634852748368504,mixture,33
3,1,2,3,1,0,0,0.0,0.4852057696727518,0.47364002145243217,0.6317465639802711,475,3.0,0.2353657806969796,mixture,33
3,1,3,3,1,0,0,0.0,0.6591655994183152,0.5375416910143702,0.5375416910143702,499,4.0,0.5882856918193353,mixture,33
3,3,1,1,0,1,0,0.0,0.6513418601705907,0.5874010190379182,0.3625989809620818,581,2.0,0.2322439909144651,mixture,34
3,3,1,2,0,1,0,0.0,0.6317465639802711,0.4852057696727518,0.4736400214524322,589,3.0,0.4450007211780914,mixture,34
3,3,1,3,0,1,0,0.0,0.5375416910143702,0.6591655994183152,0.5375416910143702,597,4.0,0.32275528790744357,mixture,34
3,3,3,1,1,1,0,1.0,0.5124583089856298,0.5124583089856298,0.29083440058168486,625,4.0,0.8175744761936437,mixture,35
3,3,3,1,0,1,0,4.0,0.5375416910143702,0.46245830898562984,0.29083440058168486,629,4.0,0.18242552380635635,mixture,35
1,1,1,3,0,0,0,0.0,0.5,0.5,0.5,23,4.0,0.3333333333333333,random,0
2,1,1,3,0,0,0,0.0,0.5,0.5,0.5,239,3.0,0.3333333333333333,random,0
3,1,1,3,0,0,0,0.0,0.5,0.5,0.5,455,2.0,0.3333333333333333,random,0
1,3,1,1,0,0,0,0.0,0.5,0.5,0.5,151,4.0,0.3333333333333333,random,1
2,3,1,1,0,0,0,0.0,0.5,0.5,0.5,367,3.0,0.3333333333333333,random,1
3,3,1,1,0,0,0,0.0,0.5,0.5,0.5,583,2.0,0.3333333333333333,random,1
1,1,3,1,0,0,0,0.0,0.5,0.5,0.5,55,4.0,0.3333333333333333,random,2
2,1,3,1,0,0,0,0.0,0.5,0.5,0.5,271,3.0,0.3333333333333333,random,2
3,1,3,1,0,0,0,0.0,0.5,0.5,0.5,487,2.0,0.3333333333333333,random,2
1,1,1,3,1,1,1,0.0,0.5,0.5,0.5,16,4.0,0.3333333333333333,random,3
2,1,1,3,1,1,1,0.0,0.5,0.5,0.5,232,3.0,0.3333333333333333,random,3
3,1,1,3,1,1,1,0.0,0.5,0.5,0.5,448,2.0,0.3333333333333333,random,3
1,3,1,1,1,1,1,0.0,0.5,0.5,0.5,144,4.0,0.3333333333333333,random,4
2,3,1,1,1,1,1,0.0,0.5,0.5,0.5,360,3.0,0.3333333333333333,random,4
3,3,1,1,1,1,1,0.0,0.5,0.5,0.5,576,2.0,0.3333333333333333,random,4
1,1,3,1,1,1,1,0.0,0.5,0.5,0.5,48,4.0,0.3333333333333333,random,5
2,1,3,1,1,1,1,0.0,0.5,0.5,0.5,264,3.0,0.3333333333333333,random,5
3,1,3,1,1,1,1,0.0,0.5,0.5,0.5,480,2.0,0.3333333333333333,random,5
2,1,2,3,1,1,0,3.0,0.5,0.5,0.5,257,4.0,0.3333333333333333,random,6
2,2,2,3,1,1,0,3.0,0.5,0.5,0.5,329,5.0,0.3333333333333333,random,6
2,3,2,3,1,1,0,3.0,0.5,0.5,0.5,401,6.0,0.3333333333333333,random,6
2,3,1,2,0,1,1,3.0,0.5,0.5,0.5,372,4.0,0.3333333333333333,random,7
2,3,2,2,0,1,1,3.0,0.5,0.5,0.5,396,5.0,0.3333333333333333,random,7
2,3,3,2,0,1,1,3.0,0.5,0.5,0.5,420,6.0,0.3333333333333333,random,7
2,3,3,1,1,0,1,3.0,0.5,0.5,0.5,410,4.0,0.3333333333333333,random,8
2,3,3,2,1,0,1,3.0,0.5,0.5,0.5,418,6.0,0.3333333333333333,random,8
2,3,3,3,1,0,1,3.0,0.5,0.5,0.5,426,6.0,0.3333333333333333,random,8
2,3,1,3,1,1,0,3.0,0.5,0.5,0.5,377,4.0,0.3333333333333333,random,9
2,3,2,3,1,1,0,3.0,0.5,0.5,0.5,401,6.0,0.3333333333333333,random,9
2,3,3,3,1,1,0,3.0,0.5,0.5,0.5,425,6.0,0.3333333333333333,random,9
2,3,3,1,0,1,1,3.0,0.5,0.5,0.5,412,4.0,0.3333333333333333,random,10
2,3,3,2,0,1,1,3.0,0.5,0.5,0.5,420,6.0,0.3333333333333333,random,10
2,3,3,3,0,1,1,3.0,0.5,0.5,0.5,428,6.0,0.3333333333333333,random,10
1,1,3,2,1,1,0,2.0,0.5,0.5,0.5,57,5.0,0.5,random,11
1,1,3,2,0,1,0,3.0,0.5,0.5,0.5,61,5.0,0.5,random,11
1,1,2,3,1,0,1,2.0,0.5,0.5,0.5,42,5.0,0.5,random,12
1,1,2,3,0,0,1,3.0,0.5,0.5,0.5,46,5.0,0.5,random,12
3,3,2,2,0,1,0,0.0,0.5,0.5,0.5,613,4.0,0.5,random,13
3,3,2,2,0,0,0,0.0,0.5,0.5,0.5,615,4.0,0.5,random,13
3,2,3,2,0,0,1,0.0,0.5,0.5,0.5,566,4.0,0.5,random,14
3,2,3,2,0,0,0,0.0,0.5,0.5,0.5,567,4.0,0.5,random,14
3,3,1,2,0,1,1,3.0,0.5,0.5,0.5,588,3.0,0.5,random,15
3,3,1,2,0,0,1,0.0,0.5,0.5,0.5,590,3.0,0.5,random,15
3,2,3,1,1,0,1,3.0,0.5,0.5,0.5,554,3.0,0.5,random,16
3,2,3,1,1,0,0,0.0,0.5,0.5,0.5,555,3.0,0.5,random,16
1,1,2,1,1,0,1,2.0,0.5,0.5,0.5,26,3.0,0.08333333333333333,random,17
2,1,2,1,1,0,1,2.0,0.5,0.5,0.5,242,2.0,0.08333333333333333,random,17
3,1,2,1,1,0,1,0.0,0.5,0.5,0.5,458,1.0,0.08333333333333333,random,17
1,1,2,1,0,0,1,3.0,0.5,0.5,0.5,30,3.0,0.08333333333333333,random,17
2,1,2,1,0,0,1,0.0,0.5,0.5,0.5,246,2.0,0.08333333333333333,random,17
3,1,2,1,0,0,1,0.0,0.5,0.5,0.5,462,1.0,0.08333333333333333,random,17
1,1,2,1,1,0,0,3.0,0.5,0.5,0.5,27,3.0,0.08333333333333333,random,17
2,1,2,1,1,0,0,0.0,0.5,0.5,0.5,243,2.0,0.08333333333333333,random,17
3,1,2,1,1,0,0,0.0,0.5,0.5,0.5,459,1.0,0.08333333333333333,random,17
1,1,2,1,0,0,0,0.0,0.5,0.5,0.5,31,3.0,0.08333333333333333,random,17
2,1,2,1,0,0,0,0.0,0.5,0.5,0.5,247,2.0,0.08333333333333333,random,17
3,1,2,1,0,0,0,0.0,0.5,0.5,0.5,463,1.0,0.08333333333333333,random,17
3,1,1,3,1,1,1,0.0,0.5,0.5,0.5,448,2.0,0.1111111111111111,random,18
3,2,1,3,1,1,1,0.0,0.5,0.5,0.5,520,3.0,0.1111111111111111,random,18
3,3,1,3,1,1,1,0.0,0.5,0.5,0.5,592,4.0,0.1111111111111111,random,18
3,1,2,3,1,1,1,0.0,0.5,0.5,0.5,472,3.0,0.1111111111111111,random,18
3,2,2,3,1,1,1,0.0,0.5,0.5,0.5,544,4.0,0.1111111111111111,random,18
3,3,2,3,1,1,1,0.0,0.5,0.5,0.5,616,5.0,0.1111111111111111,random,18
3,1,3,3,1,1,1,0.0,0.5,0.5,0.5,496,4.0,0.1111111111111111,random,18
3,2,3,3,1,1,1,0.0,0.5,0.5,0.5,568,5.0,0.1111111111111111,random,18
3,3,3,3,1,1,1,0.0,0.5,0.5,0.5,640,6.0,0.1111111111111111,random,18
3,1,1,1,0,1,0,0.0,0.5,0.5,0.5,437,0.0,0.16666666666666666,random,19
3,1,2,1,0,1,0,0.0,0.5,0.5,0.5,461,1.0,0.16666666666666666,random,19
3,1,3,1,0,1,0,2.0,0.5,0.5,0.5,485,2.0,0.16666666666666666,random,19
3,1,1,1,0,0,0,0.0,0.5,0.5,0.5,439,0.0,0.16666666666666666,random,19
3,1,2,1,0,0,0,0.0,0.5,0.5,0.5,463,1.0,0.16666666666666666,random,19
3,1,3,1,0,0,0,0.0,0.5,0.5,0.5,487,2.0,0.16666666666666666,random,19
3,2,1,1,0,0,0,0.0,0.5,0.5,0.5,511,1.0,0.3333333333333333,random,20
3,2,1,2,0,0,0,0.0,0.5,0.5,0.5,519,2.0,0.3333333333333333,random,20
3,2,1,3,0,0,0,0.0,0.5,0.5,0.5,527,3.0,0.3333333333333333,random,20
3,1,1,2,1,1,0,0.0,0.5,0.5,0.5,441,1.0,0.25,random,21
3,1,1,2,0,1,0,0.0,0.5,0.5,0.5,445,1.0,0.25,random,21
3,1,1,2,1,0,0,0.0,0.5,0.5,0.5,443,1.0,0.25,random,21
3,1,1,2,0,0,0,0.0,0.5,0.5,0.5,447,1.0,0.25,random,21
1,1,2,2,1,1,1,0.0,0.5,0.5,0.5,32,4.0,0.3333333333333333,random,22
2,1,2,2,1,1,1,0.0,0.5,0.5,0.5,248,3.0,0.3333333333333333,random,22
3,1,2,2,1,1,1,0.0,0.5,0.5,0.5,464,2.0,0.3333333333333333,random,22
1,2,1,2,1,1,1,0.0,0.5,0.5,0.5,80,4.0,0.3333333333333333,random,23
2,2,1,2,1,1,1,0.0,0.5,0.5,0.5,296,3.0,0.3333333333333333,random,23
3,2,1,2,1,1,1,0.0,0.5,0.5,0.5,512,2.0,0.3333333333333333,random,23
1,2,2,1,1,1,1,0.0,0.5,0.5,0.5,96,4.0,0.3333333333333333,random,24
2,2,2,1,1,1,1,0.0,0.5,0.5,0.5,312,3.0,0.3333333333333333,random,24
3,2,2,1,1,1,1,0.0,0.5,0.5,0.5,528,2.0,0.3333333333333333,random,24
1,2,3,1,1,1,1,0.0,0.5,0.5,0.5,120,5.0,0.5,random,25
1,2,3,1,1,0,1,3.0,0.5,0.5,0.5,122,5.0,0.5,random,25
1,2,1,1,1,0,0,2.0,0.5,0.5,0.5,75,3.0,0.5,random,26
1,2,1,1,0,0,0,0.0,0.5,0.5,0.5,79,3.0,0.5,random,26
1,1,2,1,0,1,0,2.0,0.5,0.5,0.5,29,3.0,0.5,random,27
1,1,2,1,0,0,0,0.0,0.5,0.5,0.5,31,3.0,0.5,random,27
3,1,2,3,0,1,1,1.0,0.5,0.5,0.5,476,3.0,0.25,random,28
3,1,2,3,0,0,1,3.0,0.5,0.5,0.5,478,3.0,0.25,random,28
3,1,2,3,0,1,0,0.0,0.5,0.5,0.5,477,3.0,0.25,random,28
3,1,2,3,0,0,0,0.0,0.5,0.5,0.5,479,3.0,0.25,random,28
3,3,1,2,1,0,1,1.0,0.5,0.5,0.5,586,3.0,0.25,random,29
3,3,1,2,0,0,1,0.0,0.5,0.5,0.5,590,3.0,0.25,random,29
3,3,1,2,1,0,0,3.0,0.5,0.5,0.5,587,3.0,0.25,random,29
3,3,1,2,0,0,0,0.0,0.5,0.5,0.5,591,3.0,0.25,random,29
2,1,1,2,1,1,0,2.0,0.5,0.5,0.5,225,2.0,0.25,random,30
2,1,1,2,0,1,0,0.0,0.5,0.5,0.5,229,2.0,0.25,random,30
2,1,1,2,1,0,0,0.0,0.5,0.5,0.5,227,2.0,0.25,random,30
2,1,1,2,0,0,0,0.0,0.5,0.5,0.5,231,2.0,0.25,random,30
2,2,1,1,0,1,1,2.0,0.5,0.5,0.5,292,2.0,0.25,random,31
2,2,1,1,0,0,1,0.0,0.5,0.5,0.5,294,2.0,0.25,random,31
2,2,1,1,0,1,0,0.0,0.5,0.5,0.5,293,2.0,0.25,random,31
2,2,1,1,0,0,0,0.0,0.5,0.5,0.5,295,2.0,0.25,random,31
3,1,3,1,1,0,0,0.0,0.5,0.5,0.5,483,2.0,0.3333333333333333,random,32
3,1,3,2,1,0,0,0.0,0.5,0.5,0.5,491,3.0,0.3333333333333333,random,32
3,1,3,3,1,0,0,0.0,0.5,0.5,0.5,499,4.0,0.3333333333333333,random,32
3,1,1,3,1,0,0,0.0,0.5,0.5,0.5,451,2.0,0.3333333333333333,random,33
3,1,2,3,1,0,0,0.0,0.5,0.5,0.5,475,3.0,0.3333333333333333,random,33
3,1,3,3,1,0,0,0.0,0.5,0.5,0.5,499,4.0,0.3333333333333333,random,33
3,3,1,1,0,1,0,0.0,0.5,0.5,0.5,581,2.0,0.3333333333333333,random,34
3,3,1,2,0,1,0,0.0,0.5,0.5,0.5,589,3.0,0.3333333333333333,random,34
3,3,1,3,0,1,0,0.0,0.5,0.5,0.5,597,4.0,0.3333333333333333,random,34
3,3,3,1,1,1,0,1.0,0.5,0.5,0.5,625,4.0,0.5,random,35
3,3,3,1,0,1,0,4.0,0.5,0.5,0.5,629,4.0,0.5,random,35
