,trees,strength_a,strength_b,strength_c,action_a,action_b,action_c,reward,blame_a,blame_b,blame_c,w,rationality_beta,k
0,1,1,1,1,1,1,1,0.0,0.5156046866868781,0.5156046866868781,0.5156046866868781,0.5,1,1
1,1,1,1,1,1,1,0,1.0,0.7656046866868781,0.7656046866868781,0.40106197997978854,0.5,1,1
2,1,1,1,1,1,0,1,1.0,0.7656046866868781,0.40106197997978854,0.7656046866868781,0.5,1,1
3,1,1,1,1,1,0,0,2.0,0.5156046866868781,0.4843953133131219,0.4843953133131219,0.5,1,1
4,1,1,1,1,0,1,1,1.0,0.40106197997978854,0.7656046866868781,0.7656046866868781,0.5,1,1
5,1,1,1,1,0,1,0,2.0,0.4843953133131219,0.5156046866868781,0.4843953133131219,0.5,1,1
6,1,1,1,1,0,0,1,2.0,0.4843953133131219,0.4843953133131219,0.5156046866868781,0.5,1,1
7,1,1,1,1,0,0,0,0.0,0.7343953133131219,0.7343953133131219,0.7343953133131219,0.5,1,1
8,1,1,1,2,1,1,1,0.0,0.5,0.5,0.5612296656009272,0.5,1,1
9,1,1,1,2,1,1,0,2.0,0.75,0.75,0.1887703343990727,0.5,1,1
10,1,1,1,2,1,0,1,1.0,0.41666666666666663,0.41666666666666663,0.8112296656009272,0.5,1,1
11,1,1,1,2,1,0,0,3.0,0.5,0.5,0.1887703343990727,0.5,1,1
12,1,1,1,2,0,1,1,1.0,0.41666666666666663,0.41666666666666663,0.8112296656009272,0.5,1,1
13,1,1,1,2,0,1,0,3.0,0.5,0.5,0.1887703343990727,0.5,1,1
14,1,1,1,2,0,0,1,2.0,0.5,0.5,0.5612296656009272,0.5,1,1
15,1,1,1,2,0,0,0,0.0,0.75,0.75,0.1887703343990727,0.5,1,1
16,1,1,1,3,1,1,1,0.0,0.48439531331312186,0.48439531331312186,0.6028925139185056,0.5,1,1
17,1,1,1,3,1,1,0,3.0,0.7343953133131218,0.7343953133131218,0.14710748608149438,0.5,1,1
18,1,1,1,3,1,0,1,1.0,0.40106197997978854,0.43227135335354483,0.8528925139185056,0.5,1,1
19,1,1,1,3,1,0,0,4.0,0.48439531331312186,0.5156046866868782,0.14710748608149438,0.5,1,1
20,1,1,1,3,0,1,1,1.0,0.43227135335354483,0.40106197997978854,0.8528925139185056,0.5,1,1
21,1,1,1,3,0,1,0,4.0,0.5156046866868782,0.48439531331312186,0.14710748608149438,0.5,1,1
22,1,1,1,3,0,0,1,2.0,0.5156046866868782,0.5156046866868782,0.6028925139185056,0.5,1,1
23,1,1,1,3,0,0,0,0.0,0.7656046866868782,0.7656046866868782,0.14710748608149438,0.5,1,1
24,1,1,2,1,1,1,1,0.0,0.5,0.5612296656009272,0.5,0.5,1,1
25,1,1,2,1,1,1,0,1.0,0.41666666666666663,0.8112296656009272,0.41666666666666663,0.5,1,1
26,1,1,2,1,1,0,1,2.0,0.75,0.1887703343990727,0.75,0.5,1,1
27,1,1,2,1,1,0,0,3.0,0.5,0.1887703343990727,0.5,0.5,1,1
28,1,1,2,1,0,1,1,1.0,0.41666666666666663,0.8112296656009272,0.41666666666666663,0.5,1,1
29,1,1,2,1,0,1,0,2.0,0.5,0.5612296656009272,0.5,0.5,1,1
30,1,1,2,1,0,0,1,3.0,0.5,0.1887703343990727,0.5,0.5,1,1
31,1,1,2,1,0,0,0,0.0,0.75,0.1887703343990727,0.75,0.5,1,1
32,1,1,2,2,1,1,1,0.0,0.23439531331312186,0.5463332999770348,0.5463332999770348,0.5,1,1
33,1,1,2,2,1,1,0,2.0,0.23439531331312186,0.7963332999770348,0.20366670002296514,0.5,1,1
34,1,1,2,2,1,0,1,2.0,0.23439531331312186,0.20366670002296514,0.7963332999770348,0.5,1,1
35,1,1,2,2,1,0,0,4.0,0.23439531331312186,0.20366670002296514,0.20366670002296514,0.5,1,1
36,1,1,2,2,0,1,1,1.0,0.43227135335354483,0.46299996664370147,0.46299996664370147,0.5,1,1
37,1,1,2,2,0,1,0,3.0,0.5156046866868782,0.5463332999770348,0.20366670002296514,0.5,1,1
38,1,1,2,2,0,0,1,3.0,0.5156046866868782,0.20366670002296514,0.5463332999770348,0.5,1,1
39,1,1,2,2,0,0,0,0.0,0.7656046866868782,0.20366670002296514,0.20366670002296514,0.5,1,1
40,1,1,2,3,1,1,1,0.0,0.2189117495571009,0.5310882504428991,0.5895893495876965,0.5,1,1
41,1,1,2,3,1,1,0,3.0,0.2189117495571009,0.7810882504428991,0.16041065041230354,0.5,1,1
42,1,1,2,3,1,0,1,2.0,0.2189117495571009,0.21891174955710097,0.8395893495876965,0.5,1,1
43,1,1,2,3,1,0,0,5.0,0.2189117495571009,0.21891174955710097,0.16041065041230354,0.5,1,1
44,1,1,2,3,0,1,1,1.0,0.4477549171095657,0.4477549171095657,0.5062560162543631,0.5,1,1
45,1,1,2,3,0,1,0,4.0,0.5310882504428991,0.5310882504428991,0.16041065041230354,0.5,1,1
46,1,1,2,3,0,0,1,3.0,0.5310882504428991,0.21891174955710097,0.5895893495876965,0.5,1,1
47,1,1,2,3,0,0,0,0.0,0.7810882504428991,0.21891174955710097,0.16041065041230354,0.5,1,1
48,1,1,3,1,1,1,1,0.0,0.48439531331312186,0.6028925139185056,0.48439531331312186,0.5,1,1
49,1,1,3,1,1,1,0,1.0,0.40106197997978854,0.8528925139185056,0.43227135335354483,0.5,1,1
50,1,1,3,1,1,0,1,3.0,0.7343953133131218,0.14710748608149438,0.7343953133131218,0.5,1,1
51,1,1,3,1,1,0,0,4.0,0.48439531331312186,0.14710748608149438,0.5156046866868782,0.5,1,1
52,1,1,3,1,0,1,1,1.0,0.43227135335354483,0.8528925139185056,0.40106197997978854,0.5,1,1
53,1,1,3,1,0,1,0,2.0,0.5156046866868782,0.6028925139185056,0.5156046866868782,0.5,1,1
54,1,1,3,1,0,0,1,4.0,0.5156046866868782,0.14710748608149438,0.48439531331312186,0.5,1,1
55,1,1,3,1,0,0,0,0.0,0.7656046866868782,0.14710748608149438,0.7656046866868782,0.5,1,1
56,1,1,3,2,1,1,1,0.0,0.2189117495571009,0.5895893495876965,0.5310882504428991,0.5,1,1
57,1,1,3,2,1,1,0,2.0,0.2189117495571009,0.8395893495876965,0.21891174955710097,0.5,1,1
58,1,1,3,2,1,0,1,3.0,0.2189117495571009,0.16041065041230354,0.7810882504428991,0.5,1,1
59,1,1,3,2,1,0,0,5.0,0.2189117495571009,0.16041065041230354,0.21891174955710097,0.5,1,1
60,1,1,3,2,0,1,1,1.0,0.4477549171095657,0.5062560162543631,0.4477549171095657,0.5,1,1
61,1,1,3,2,0,1,0,3.0,0.5310882504428991,0.5895893495876965,0.21891174955710097,0.5,1,1
62,1,1,3,2,0,0,1,4.0,0.5310882504428991,0.16041065041230354,0.5310882504428991,0.5,1,1
63,1,1,3,2,0,0,0,0.0,0.7810882504428991,0.16041065041230354,0.21891174955710097,0.5,1,1
64,1,1,3,3,1,1,1,0.0,0.2036667000229651,0.5756774323330272,0.5756774323330272,0.5,1,1
65,1,1,3,3,1,1,0,3.0,0.2036667000229651,0.8256774323330272,0.17432256766697288,0.5,1,1
66,1,1,3,3,1,0,1,3.0,0.2036667000229651,0.17432256766697288,0.8256774323330272,0.5,1,1
67,1,1,3,3,1,0,0,6.0,0.2036667000229651,0.17432256766697288,0.17432256766697288,0.5,1,1
68,1,1,3,3,0,1,1,1.0,0.4629999666437016,0.4923440989996938,0.4923440989996938,0.5,1,1
69,1,1,3,3,0,1,0,4.0,0.546333299977035,0.5756774323330272,0.17432256766697288,0.5,1,1
70,1,1,3,3,0,0,1,4.0,0.546333299977035,0.17432256766697288,0.5756774323330272,0.5,1,1
71,1,1,3,3,0,0,0,0.0,0.796333299977035,0.17432256766697288,0.17432256766697288,0.5,1,1
72,1,2,1,1,1,1,1,0.0,0.5612296656009272,0.5,0.5,0.5,1,1
73,1,2,1,1,1,1,0,1.0,0.8112296656009272,0.41666666666666663,0.41666666666666663,0.5,1,1
74,1,2,1,1,1,0,1,1.0,0.8112296656009272,0.41666666666666663,0.41666666666666663,0.5,1,1
75,1,2,1,1,1,0,0,2.0,0.5612296656009272,0.5,0.5,0.5,1,1
76,1,2,1,1,0,1,1,2.0,0.1887703343990727,0.75,0.75,0.5,1,1
77,1,2,1,1,0,1,0,3.0,0.1887703343990727,0.5,0.5,0.5,1,1
78,1,2,1,1,0,0,1,3.0,0.1887703343990727,0.5,0.5,0.5,1,1
79,1,2,1,1,0,0,0,0.0,0.1887703343990727,0.75,0.75,0.5,1,1
80,1,2,1,2,1,1,1,0.0,0.5463332999770348,0.23439531331312186,0.5463332999770348,0.5,1,1
81,1,2,1,2,1,1,0,2.0,0.7963332999770348,0.23439531331312186,0.20366670002296514,0.5,1,1
82,1,2,1,2,1,0,1,1.0,0.46299996664370147,0.43227135335354483,0.46299996664370147,0.5,1,1
83,1,2,1,2,1,0,0,3.0,0.5463332999770348,0.5156046866868782,0.20366670002296514,0.5,1,1
84,1,2,1,2,0,1,1,2.0,0.20366670002296514,0.23439531331312186,0.7963332999770348,0.5,1,1
85,1,2,1,2,0,1,0,4.0,0.20366670002296514,0.23439531331312186,0.20366670002296514,0.5,1,1
86,1,2,1,2,0,0,1,3.0,0.20366670002296514,0.5156046866868782,0.5463332999770348,0.5,1,1
87,1,2,1,2,0,0,0,0.0,0.20366670002296514,0.7656046866868782,0.20366670002296514,0.5,1,1
88,1,2,1,3,1,1,1,0.0,0.5310882504428991,0.2189117495571009,0.5895893495876965,0.5,1,1
89,1,2,1,3,1,1,0,3.0,0.7810882504428991,0.2189117495571009,0.16041065041230354,0.5,1,1
90,1,2,1,3,1,0,1,1.0,0.4477549171095657,0.4477549171095657,0.5062560162543631,0.5,1,1
91,1,2,1,3,1,0,0,4.0,0.5310882504428991,0.5310882504428991,0.16041065041230354,0.5,1,1
92,1,2,1,3,0,1,1,2.0,0.21891174955710097,0.2189117495571009,0.8395893495876965,0.5,1,1
93,1,2,1,3,0,1,0,5.0,0.21891174955710097,0.2189117495571009,0.16041065041230354,0.5,1,1
94,1,2,1,3,0,0,1,3.0,0.21891174955710097,0.5310882504428991,0.5895893495876965,0.5,1,1
95,1,2,1,3,0,0,0,0.0,0.21891174955710097,0.7810882504428991,0.16041065041230354,0.5,1,1
96,1,2,2,1,1,1,1,0.0,0.5463332999770348,0.5463332999770348,0.23439531331312186,0.5,1,1
97,1,2,2,1,1,1,0,1.0,0.46299996664370147,0.46299996664370147,0.43227135335354483,0.5,1,1
98,1,2,2,1,1,0,1,2.0,0.7963332999770348,0.20366670002296514,0.23439531331312186,0.5,1,1
99,1,2,2,1,1,0,0,3.0,0.5463332999770348,0.20366670002296514,0.5156046866868782,0.5,1,1
100,1,2,2,1,0,1,1,2.0,0.20366670002296514,0.7963332999770348,0.23439531331312186,0.5,1,1
101,1,2,2,1,0,1,0,3.0,0.20366670002296514,0.5463332999770348,0.5156046866868782,0.5,1,1
102,1,2,2,1,0,0,1,4.0,0.20366670002296514,0.20366670002296514,0.23439531331312186,0.5,1,1
103,1,2,2,1,0,0,0,0.0,0.20366670002296514,0.20366670002296514,0.7656046866868782,0.5,1,1
104,1,2,2,2,1,1,1,0.0,0.5310882504428991,0.5310882504428991,0.5310882504428991,0.5,1,1
105,1,2,2,2,1,1,0,2.0,0.7810882504428991,0.7810882504428991,0.38557841622376765,0.5,1,1
106,1,2,2,2,1,0,1,2.0,0.7810882504428991,0.38557841622376765,0.7810882504428991,0.5,1,1
107,1,2,2,2,1,0,0,4.0,0.5310882504428991,0.46891174955710097,0.46891174955710097,0.5,1,1
108,1,2,2,2,0,1,1,2.0,0.38557841622376765,0.7810882504428991,0.7810882504428991,0.5,1,1
109,1,2,2,2,0,1,0,4.0,0.46891174955710097,0.5310882504428991,0.46891174955710097,0.5,1,1
110,1,2,2,2,0,0,1,4.0,0.46891174955710097,0.46891174955710097,0.5310882504428991,0.5,1,1
111,1,2,2,2,0,0,0,0.0,0.7189117495571009,0.7189117495571009,0.7189117495571009,0.5,1,1
112,1,2,2,3,1,1,1,0.0,0.5156046866868781,0.5156046866868781,0.5756774323330272,0.5,1,1
113,1,2,2,3,1,1,0,3.0,0.7656046866868781,0.7656046866868781,0.17432256766697288,0.5,1,1
114,1,2,2,3,1,0,1,2.0,0.4322713533535447,0.40106197997978854,0.8256774323330272,0.5,1,1
115,1,2,2,3,1,0,0,5.0,0.5156046866868781,0.4843953133131219,0.17432256766697288,0.5,1,1
116,1,2,2,3,0,1,1,2.0,0.40106197997978854,0.4322713533535447,0.8256774323330272,0.5,1,1
117,1,2,2,3,0,1,0,5.0,0.4843953133131219,0.5156046866868781,0.17432256766697288,0.5,1,1
118,1,2,2,3,0,0,1,4.0,0.4843953133131219,0.4843953133131219,0.5756774323330272,0.5,1,1
119,1,2,2,3,0,0,0,0.0,0.7343953133131219,0.7343953133131219,0.17432256766697288,0.5,1,1
120,1,2,3,1,1,1,1,0.0,0.5310882504428991,0.5895893495876965,0.2189117495571009,0.5,1,1
121,1,2,3,1,1,1,0,1.0,0.4477549171095657,0.5062560162543631,0.4477549171095657,0.5,1,1
122,1,2,3,1,1,0,1,3.0,0.7810882504428991,0.16041065041230354,0.2189117495571009,0.5,1,1
123,1,2,3,1,1,0,0,4.0,0.5310882504428991,0.16041065041230354,0.5310882504428991,0.5,1,1
124,1,2,3,1,0,1,1,2.0,0.21891174955710097,0.8395893495876965,0.2189117495571009,0.5,1,1
125,1,2,3,1,0,1,0,3.0,0.21891174955710097,0.5895893495876965,0.5310882504428991,0.5,1,1
126,1,2,3,1,0,0,1,5.0,0.21891174955710097,0.16041065041230354,0.2189117495571009,0.5,1,1
127,1,2,3,1,0,0,0,0.0,0.21891174955710097,0.16041065041230354,0.7810882504428991,0.5,1,1
128,1,2,3,2,1,1,1,0.0,0.5156046866868781,0.5756774323330272,0.5156046866868781,0.5,1,1
129,1,2,3,2,1,1,0,2.0,0.4322713533535447,0.8256774323330272,0.40106197997978854,0.5,1,1
130,1,2,3,2,1,0,1,3.0,0.7656046866868781,0.17432256766697288,0.7656046866868781,0.5,1,1
131,1,2,3,2,1,0,0,5.0,0.5156046866868781,0.17432256766697288,0.4843953133131219,0.5,1,1
132,1,2,3,2,0,1,1,2.0,0.40106197997978854,0.8256774323330272,0.4322713533535447,0.5,1,1
133,1,2,3,2,0,1,0,4.0,0.4843953133131219,0.5756774323330272,0.4843953133131219,0.5,1,1
134,1,2,3,2,0,0,1,5.0,0.4843953133131219,0.17432256766697288,0.5156046866868781,0.5,1,1
135,1,2,3,2,0,0,0,0.0,0.7343953133131219,0.17432256766697288,0.7343953133131219,0.5,1,1
136,1,2,3,3,1,1,1,0.0,0.25,0.5612296656009272,0.5612296656009272,0.5,1,1
137,1,2,3,3,1,1,0,3.0,0.25,0.8112296656009272,0.1887703343990727,0.5,1,1
138,1,2,3,3,1,0,1,3.0,0.25,0.1887703343990727,0.8112296656009272,0.5,1,1
139,1,2,3,3,1,0,0,6.0,0.25,0.1887703343990727,0.1887703343990727,0.5,1,1
140,1,2,3,3,0,1,1,2.0,0.41666666666666663,0.477896332267594,0.477896332267594,0.5,1,1
141,1,2,3,3,0,1,0,5.0,0.5,0.5612296656009272,0.1887703343990727,0.5,1,1
142,1,2,3,3,0,0,1,5.0,0.5,0.1887703343990727,0.5612296656009272,0.5,1,1
143,1,2,3,3,0,0,0,0.0,0.75,0.1887703343990727,0.1887703343990727,0.5,1,1
144,1,3,1,1,1,1,1,0.0,0.6028925139185056,0.48439531331312186,0.48439531331312186,0.5,1,1
145,1,3,1,1,1,1,0,1.0,0.8528925139185056,0.40106197997978854,0.43227135335354483,0.5,1,1
146,1,3,1,1,1,0,1,1.0,0.8528925139185056,0.43227135335354483,0.40106197997978854,0.5,1,1
147,1,3,1,1,1,0,0,2.0,0.6028925139185056,0.5156046866868782,0.5156046866868782,0.5,1,1
148,1,3,1,1,0,1,1,3.0,0.14710748608149438,0.7343953133131218,0.7343953133131218,0.5,1,1
149,1,3,1,1,0,1,0,4.0,0.14710748608149438,0.48439531331312186,0.5156046866868782,0.5,1,1
150,1,3,1,1,0,0,1,4.0,0.14710748608149438,0.5156046866868782,0.48439531331312186,0.5,1,1
151,1,3,1,1,0,0,0,0.0,0.14710748608149438,0.7656046866868782,0.7656046866868782,0.5,1,1
152,1,3,1,2,1,1,1,0.0,0.5895893495876965,0.2189117495571009,0.5310882504428991,0.5,1,1
153,1,3,1,2,1,1,0,2.0,0.8395893495876965,0.2189117495571009,0.21891174955710097,0.5,1,1
154,1,3,1,2,1,0,1,1.0,0.5062560162543631,0.4477549171095657,0.4477549171095657,0.5,1,1
155,1,3,1,2,1,0,0,3.0,0.5895893495876965,0.5310882504428991,0.21891174955710097,0.5,1,1
156,1,3,1,2,0,1,1,3.0,0.16041065041230354,0.2189117495571009,0.7810882504428991,0.5,1,1
157,1,3,1,2,0,1,0,5.0,0.16041065041230354,0.2189117495571009,0.21891174955710097,0.5,1,1
158,1,3,1,2,0,0,1,4.0,0.16041065041230354,0.5310882504428991,0.5310882504428991,0.5,1,1
159,1,3,1,2,0,0,0,0.0,0.16041065041230354,0.7810882504428991,0.21891174955710097,0.5,1,1
160,1,3,1,3,1,1,1,0.0,0.5756774323330272,0.2036667000229651,0.5756774323330272,0.5,1,1
161,1,3,1,3,1,1,0,3.0,0.8256774323330272,0.2036667000229651,0.17432256766697288,0.5,1,1
162,1,3,1,3,1,0,1,1.0,0.4923440989996938,0.4629999666437016,0.4923440989996938,0.5,1,1
163,1,3,1,3,1,0,0,4.0,0.5756774323330272,0.546333299977035,0.17432256766697288,0.5,1,1
164,1,3,1,3,0,1,1,3.0,0.17432256766697288,0.2036667000229651,0.8256774323330272,0.5,1,1
165,1,3,1,3,0,1,0,6.0,0.17432256766697288,0.2036667000229651,0.17432256766697288,0.5,1,1
166,1,3,1,3,0,0,1,4.0,0.17432256766697288,0.546333299977035,0.5756774323330272,0.5,1,1
167,1,3,1,3,0,0,0,0.0,0.17432256766697288,0.796333299977035,0.17432256766697288,0.5,1,1
168,1,3,2,1,1,1,1,0.0,0.5895893495876965,0.5310882504428991,0.2189117495571009,0.5,1,1
169,1,3,2,1,1,1,0,1.0,0.5062560162543631,0.4477549171095657,0.4477549171095657,0.5,1,1
170,1,3,2,1,1,0,1,2.0,0.8395893495876965,0.21891174955710097,0.2189117495571009,0.5,1,1
171,1,3,2,1,1,0,0,3.0,0.5895893495876965,0.21891174955710097,0.5310882504428991,0.5,1,1
172,1,3,2,1,0,1,1,3.0,0.16041065041230354,0.7810882504428991,0.2189117495571009,0.5,1,1
173,1,3,2,1,0,1,0,4.0,0.16041065041230354,0.5310882504428991,0.5310882504428991,0.5,1,1
174,1,3,2,1,0,0,1,5.0,0.16041065041230354,0.21891174955710097,0.2189117495571009,0.5,1,1
175,1,3,2,1,0,0,0,0.0,0.16041065041230354,0.21891174955710097,0.7810882504428991,0.5,1,1
176,1,3,2,2,1,1,1,0.0,0.5756774323330272,0.5156046866868781,0.5156046866868781,0.5,1,1
177,1,3,2,2,1,1,0,2.0,0.8256774323330272,0.4322713533535447,0.40106197997978854,0.5,1,1
178,1,3,2,2,1,0,1,2.0,0.8256774323330272,0.40106197997978854,0.4322713533535447,0.5,1,1
179,1,3,2,2,1,0,0,4.0,0.5756774323330272,0.4843953133131219,0.4843953133131219,0.5,1,1
180,1,3,2,2,0,1,1,3.0,0.17432256766697288,0.7656046866868781,0.7656046866868781,0.5,1,1
181,1,3,2,2,0,1,0,5.0,0.17432256766697288,0.5156046866868781,0.4843953133131219,0.5,1,1
182,1,3,2,2,0,0,1,5.0,0.17432256766697288,0.4843953133131219,0.5156046866868781,0.5,1,1
183,1,3,2,2,0,0,0,0.0,0.17432256766697288,0.7343953133131219,0.7343953133131219,0.5,1,1
184,1,3,2,3,1,1,1,0.0,0.5612296656009272,0.25,0.5612296656009272,0.5,1,1
185,1,3,2,3,1,1,0,3.0,0.8112296656009272,0.25,0.1887703343990727,0.5,1,1
186,1,3,2,3,1,0,1,2.0,0.477896332267594,0.41666666666666663,0.477896332267594,0.5,1,1
187,1,3,2,3,1,0,0,5.0,0.5612296656009272,0.5,0.1887703343990727,0.5,1,1
188,1,3,2,3,0,1,1,3.0,0.1887703343990727,0.25,0.8112296656009272,0.5,1,1
189,1,3,2,3,0,1,0,6.0,0.1887703343990727,0.25,0.1887703343990727,0.5,1,1
190,1,3,2,3,0,0,1,5.0,0.1887703343990727,0.5,0.5612296656009272,0.5,1,1
191,1,3,2,3,0,0,0,0.0,0.1887703343990727,0.75,0.1887703343990727,0.5,1,1
192,1,3,3,1,1,1,1,0.0,0.5756774323330272,0.5756774323330272,0.2036667000229651,0.5,1,1
193,1,3,3,1,1,1,0,1.0,0.4923440989996938,0.4923440989996938,0.4629999666437016,0.5,1,1
194,1,3,3,1,1,0,1,3.0,0.8256774323330272,0.17432256766697288,0.2036667000229651,0.5,1,1
195,1,3,3,1,1,0,0,4.0,0.5756774323330272,0.17432256766697288,0.546333299977035,0.5,1,1
196,1,3,3,1,0,1,1,3.0,0.17432256766697288,0.8256774323330272,0.2036667000229651,0.5,1,1
197,1,3,3,1,0,1,0,4.0,0.17432256766697288,0.5756774323330272,0.546333299977035,0.5,1,1
198,1,3,3,1,0,0,1,6.0,0.17432256766697288,0.17432256766697288,0.2036667000229651,0.5,1,1
199,1,3,3,1,0,0,0,0.0,0.17432256766697288,0.17432256766697288,0.796333299977035,0.5,1,1
200,1,3,3,2,1,1,1,0.0,0.5612296656009272,0.5612296656009272,0.25,0.5,1,1
201,1,3,3,2,1,1,0,2.0,0.477896332267594,0.477896332267594,0.41666666666666663,0.5,1,1
202,1,3,3,2,1,0,1,3.0,0.8112296656009272,0.1887703343990727,0.25,0.5,1,1
203,1,3,3,2,1,0,0,5.0,0.5612296656009272,0.1887703343990727,0.5,0.5,1,1
204,1,3,3,2,0,1,1,3.0,0.1887703343990727,0.8112296656009272,0.25,0.5,1,1
205,1,3,3,2,0,1,0,5.0,0.1887703343990727,0.5612296656009272,0.5,0.5,1,1
206,1,3,3,2,0,0,1,6.0,0.1887703343990727,0.1887703343990727,0.25,0.5,1,1
207,1,3,3,2,0,0,0,0.0,0.1887703343990727,0.1887703343990727,0.75,0.5,1,1
208,1,3,3,3,1,1,1,0.0,0.546333299977035,0.546333299977035,0.546333299977035,0.5,1,1
209,1,3,3,3,1,1,0,3.0,0.796333299977035,0.796333299977035,0.3703333666896318,0.5,1,1
210,1,3,3,3,1,0,1,3.0,0.796333299977035,0.3703333666896318,0.796333299977035,0.5,1,1
211,1,3,3,3,1,0,0,6.0,0.546333299977035,0.4536667000229651,0.4536667000229651,0.5,1,1
212,1,3,3,3,0,1,1,3.0,0.3703333666896318,0.796333299977035,0.796333299977035,0.5,1,1
213,1,3,3,3,0,1,0,6.0,0.4536667000229651,0.546333299977035,0.4536667000229651,0.5,1,1
214,1,3,3,3,0,0,1,6.0,0.4536667000229651,0.4536667000229651,0.546333299977035,0.5,1,1
215,1,3,3,3,0,0,0,0.0,0.703666700022965,0.703666700022965,0.703666700022965,0.5,1,1
216,2,1,1,1,1,1,1,0.0,0.7343953133131219,0.7343953133131219,0.7343953133131219,0.5,1,1
217,2,1,1,1,1,1,0,1.0,0.4843953133131219,0.4843953133131219,0.5156046866868781,0.5,1,1
218,2,1,1,1,1,0,1,1.0,0.4843953133131219,0.5156046866868781,0.4843953133131219,0.5,1,1
219,2,1,1,1,1,0,0,0.0,0.40106197997978854,0.7656046866868781,0.7656046866868781,0.5,1,1
220,2,1,1,1,0,1,1,1.0,0.5156046866868781,0.4843953133131219,0.4843953133131219,0.5,1,1
221,2,1,1,1,0,1,0,0.0,0.7656046866868781,0.40106197997978854,0.7656046866868781,0.5,1,1
222,2,1,1,1,0,0,1,0.0,0.7656046866868781,0.7656046866868781,0.40106197997978854,0.5,1,1
223,2,1,1,1,0,0,0,0.0,0.5156046866868781,0.5156046866868781,0.5156046866868781,0.5,1,1
224,2,1,1,2,1,1,1,0.0,0.5,0.5,0.7189117495571009,0.5,1,1
225,2,1,1,2,1,1,0,2.0,0.41666666666666663,0.41666666666666663,0.4477549171095657,0.5,1,1
226,2,1,1,2,1,0,1,1.0,0.75,0.5,0.4689117495571009,0.5,1,1
227,2,1,1,2,1,0,0,0.0,0.5,0.75,0.5310882504428991,0.5,1,1
228,2,1,1,2,0,1,1,1.0,0.5,0.75,0.4689117495571009,0.5,1,1
229,2,1,1,2,0,1,0,0.0,0.75,0.5,0.5310882504428991,0.5,1,1
230,2,1,1,2,0,0,1,2.0,0.41666666666666663,0.41666666666666663,0.38557841622376754,0.5,1,1
231,2,1,1,2,0,0,0,0.0,0.5,0.5,0.7810882504428991,0.5,1,1
232,2,1,1,3,1,1,1,0.0,0.23439531331312186,0.23439531331312186,0.7343953133131218,0.5,1,1
233,2,1,1,3,1,1,0,3.0,0.23439531331312186,0.23439531331312186,0.26560468668687814,0.5,1,1
234,2,1,1,3,1,0,1,1.0,0.23439531331312186,0.5156046866868782,0.48439531331312186,0.5,1,1
235,2,1,1,3,1,0,0,0.0,0.23439531331312186,0.7656046866868782,0.26560468668687814,0.5,1,1
236,2,1,1,3,0,1,1,1.0,0.5156046866868782,0.23439531331312186,0.48439531331312186,0.5,1,1
237,2,1,1,3,0,1,0,0.0,0.7656046866868782,0.23439531331312186,0.26560468668687814,0.5,1,1
238,2,1,1,3,0,0,1,2.0,0.43227135335354483,0.43227135335354483,0.40106197997978854,0.5,1,1
239,2,1,1,3,0,0,0,0.0,0.5156046866868782,0.5156046866868782,0.26560468668687814,0.5,1,1
240,2,1,2,1,1,1,1,0.0,0.5,0.7189117495571009,0.5,0.5,1,1
241,2,1,2,1,1,1,0,1.0,0.75,0.4689117495571009,0.5,0.5,1,1
242,2,1,2,1,1,0,1,2.0,0.41666666666666663,0.4477549171095657,0.41666666666666663,0.5,1,1
243,2,1,2,1,1,0,0,0.0,0.5,0.5310882504428991,0.75,0.5,1,1
244,2,1,2,1,0,1,1,1.0,0.5,0.4689117495571009,0.75,0.5,1,1
245,2,1,2,1,0,1,0,2.0,0.41666666666666663,0.38557841622376754,0.41666666666666663,0.5,1,1
246,2,1,2,1,0,0,1,0.0,0.75,0.5310882504428991,0.5,0.5,1,1
247,2,1,2,1,0,0,0,0.0,0.5,0.7810882504428991,0.5,0.5,1,1
248,2,1,2,2,1,1,1,0.0,0.546333299977035,0.48439531331312186,0.48439531331312186,0.5,1,1
249,2,1,2,2,1,1,0,2.0,0.796333299977035,0.40106197997978854,0.43227135335354483,0.5,1,1
250,2,1,2,2,1,0,1,2.0,0.796333299977035,0.43227135335354483,0.40106197997978854,0.5,1,1
251,2,1,2,2,1,0,0,0.0,0.546333299977035,0.5156046866868782,0.5156046866868782,0.5,1,1
252,2,1,2,2,0,1,1,1.0,0.2036667000229651,0.7343953133131218,0.7343953133131218,0.5,1,1
253,2,1,2,2,0,1,0,3.0,0.2036667000229651,0.48439531331312186,0.5156046866868782,0.5,1,1
254,2,1,2,2,0,0,1,3.0,0.2036667000229651,0.5156046866868782,0.48439531331312186,0.5,1,1
255,2,1,2,2,0,0,0,0.0,0.2036667000229651,0.7656046866868782,0.7656046866868782,0.5,1,1
256,2,1,2,3,1,1,1,0.0,0.5463332999770348,0.2036667000229651,0.5156046866868782,0.5,1,1
257,2,1,2,3,1,1,0,3.0,0.7963332999770348,0.2036667000229651,0.23439531331312186,0.5,1,1
258,2,1,2,3,1,0,1,2.0,0.46299996664370147,0.4629999666437016,0.43227135335354483,0.5,1,1
259,2,1,2,3,1,0,0,0.0,0.5463332999770348,0.546333299977035,0.23439531331312186,0.5,1,1
260,2,1,2,3,0,1,1,1.0,0.20366670002296514,0.2036667000229651,0.7656046866868782,0.5,1,1
261,2,1,2,3,0,1,0,4.0,0.20366670002296514,0.2036667000229651,0.23439531331312186,0.5,1,1
262,2,1,2,3,0,0,1,3.0,0.20366670002296514,0.546333299977035,0.5156046866868782,0.5,1,1
263,2,1,2,3,0,0,0,0.0,0.20366670002296514,0.796333299977035,0.23439531331312186,0.5,1,1
264,2,1,3,1,1,1,1,0.0,0.23439531331312186,0.7343953133131218,0.23439531331312186,0.5,1,1
265,2,1,3,1,1,1,0,1.0,0.23439531331312186,0.48439531331312186,0.5156046866868782,0.5,1,1
266,2,1,3,1,1,0,1,3.0,0.23439531331312186,0.26560468668687814,0.23439531331312186,0.5,1,1
267,2,1,3,1,1,0,0,0.0,0.23439531331312186,0.26560468668687814,0.7656046866868782,0.5,1,1
268,2,1,3,1,0,1,1,1.0,0.5156046866868782,0.48439531331312186,0.23439531331312186,0.5,1,1
269,2,1,3,1,0,1,0,2.0,0.43227135335354483,0.40106197997978854,0.43227135335354483,0.5,1,1
270,2,1,3,1,0,0,1,0.0,0.7656046866868782,0.26560468668687814,0.23439531331312186,0.5,1,1
271,2,1,3,1,0,0,0,0.0,0.5156046866868782,0.26560468668687814,0.5156046866868782,0.5,1,1
272,2,1,3,2,1,1,1,0.0,0.5463332999770348,0.5156046866868782,0.2036667000229651,0.5,1,1
273,2,1,3,2,1,1,0,2.0,0.46299996664370147,0.43227135335354483,0.4629999666437016,0.5,1,1
274,2,1,3,2,1,0,1,3.0,0.7963332999770348,0.23439531331312186,0.2036667000229651,0.5,1,1
275,2,1,3,2,1,0,0,0.0,0.5463332999770348,0.23439531331312186,0.546333299977035,0.5,1,1
276,2,1,3,2,0,1,1,1.0,0.20366670002296514,0.7656046866868782,0.2036667000229651,0.5,1,1
277,2,1,3,2,0,1,0,3.0,0.20366670002296514,0.5156046866868782,0.546333299977035,0.5,1,1
278,2,1,3,2,0,0,1,4.0,0.20366670002296514,0.23439531331312186,0.2036667000229651,0.5,1,1
279,2,1,3,2,0,0,0,0.0,0.20366670002296514,0.23439531331312186,0.796333299977035,0.5,1,1
280,2,1,3,3,1,1,1,0.0,0.5463332999770348,0.48439531331312186,0.48439531331312186,0.5,1,1
281,2,1,3,3,1,1,0,3.0,0.7963332999770348,0.40106197997978854,0.43227135335354483,0.5,1,1
282,2,1,3,3,1,0,1,3.0,0.7963332999770348,0.43227135335354483,0.40106197997978854,0.5,1,1
283,2,1,3,3,1,0,0,0.0,0.5463332999770348,0.5156046866868782,0.5156046866868782,0.5,1,1
284,2,1,3,3,0,1,1,1.0,0.20366670002296514,0.7343953133131218,0.7343953133131218,0.5,1,1
285,2,1,3,3,0,1,0,4.0,0.20366670002296514,0.48439531331312186,0.5156046866868782,0.5,1,1
286,2,1,3,3,0,0,1,4.0,0.20366670002296514,0.5156046866868782,0.48439531331312186,0.5,1,1
287,2,1,3,3,0,0,0,0.0,0.20366670002296514,0.7656046866868782,0.7656046866868782,0.5,1,1
288,2,2,1,1,1,1,1,0.0,0.7189117495571009,0.5,0.5,0.5,1,1
289,2,2,1,1,1,1,0,1.0,0.4689117495571009,0.75,0.5,0.5,1,1
290,2,2,1,1,1,0,1,1.0,0.4689117495571009,0.5,0.75,0.5,1,1
291,2,2,1,1,1,0,0,2.0,0.38557841622376754,0.41666666666666663,0.41666666666666663,0.5,1,1
292,2,2,1,1,0,1,1,2.0,0.4477549171095657,0.41666666666666663,0.41666666666666663,0.5,1,1
293,2,2,1,1,0,1,0,0.0,0.5310882504428991,0.5,0.75,0.5,1,1
294,2,2,1,1,0,0,1,0.0,0.5310882504428991,0.75,0.5,0.5,1,1
295,2,2,1,1,0,0,0,0.0,0.7810882504428991,0.5,0.5,0.5,1,1
296,2,2,1,2,1,1,1,0.0,0.48439531331312186,0.546333299977035,0.48439531331312186,0.5,1,1
297,2,2,1,2,1,1,0,2.0,0.40106197997978854,0.796333299977035,0.43227135335354483,0.5,1,1
298,2,2,1,2,1,0,1,1.0,0.7343953133131218,0.2036667000229651,0.7343953133131218,0.5,1,1
299,2,2,1,2,1,0,0,3.0,0.48439531331312186,0.2036667000229651,0.5156046866868782,0.5,1,1
300,2,2,1,2,0,1,1,2.0,0.43227135335354483,0.796333299977035,0.40106197997978854,0.5,1,1
301,2,2,1,2,0,1,0,0.0,0.5156046866868782,0.546333299977035,0.5156046866868782,0.5,1,1
302,2,2,1,2,0,0,1,3.0,0.5156046866868782,0.2036667000229651,0.48439531331312186,0.5,1,1
303,2,2,1,2,0,0,0,0.0,0.7656046866868782,0.2036667000229651,0.7656046866868782,0.5,1,1
304,2,2,1,3,1,1,1,0.0,0.2036667000229651,0.5463332999770348,0.5156046866868782,0.5,1,1
305,2,2,1,3,1,1,0,3.0,0.2036667000229651,0.7963332999770348,0.23439531331312186,0.5,1,1
306,2,2,1,3,1,0,1,1.0,0.2036667000229651,0.20366670002296514,0.7656046866868782,0.5,1,1
307,2,2,1,3,1,0,0,4.0,0.2036667000229651,0.20366670002296514,0.23439531331312186,0.5,1,1
308,2,2,1,3,0,1,1,2.0,0.4629999666437016,0.46299996664370147,0.43227135335354483,0.5,1,1
309,2,2,1,3,0,1,0,0.0,0.546333299977035,0.5463332999770348,0.23439531331312186,0.5,1,1
310,2,2,1,3,0,0,1,3.0,0.546333299977035,0.20366670002296514,0.5156046866868782,0.5,1,1
311,2,2,1,3,0,0,0,0.0,0.796333299977035,0.20366670002296514,0.23439531331312186,0.5,1,1
312,2,2,2,1,1,1,1,0.0,0.48439531331312186,0.48439531331312186,0.546333299977035,0.5,1,1
313,2,2,2,1,1,1,0,1.0,0.7343953133131218,0.7343953133131218,0.2036667000229651,0.5,1,1
314,2,2,2,1,1,0,1,2.0,0.40106197997978854,0.43227135335354483,0.796333299977035,0.5,1,1
315,2,2,2,1,1,0,0,3.0,0.48439531331312186,0.5156046866868782,0.2036667000229651,0.5,1,1
316,2,2,2,1,0,1,1,2.0,0.43227135335354483,0.40106197997978854,0.796333299977035,0.5,1,1
317,2,2,2,1,0,1,0,3.0,0.5156046866868782,0.48439531331312186,0.2036667000229651,0.5,1,1
318,2,2,2,1,0,0,1,0.0,0.5156046866868782,0.5156046866868782,0.546333299977035,0.5,1,1
319,2,2,2,1,0,0,0,0.0,0.7656046866868782,0.7656046866868782,0.2036667000229651,0.5,1,1
320,2,2,2,2,1,1,1,0.0,0.5310882504428991,0.5310882504428991,0.5310882504428991,0.5,1,1
321,2,2,2,2,1,1,0,2.0,0.7810882504428991,0.7810882504428991,0.38557841622376765,0.5,1,1
322,2,2,2,2,1,0,1,2.0,0.7810882504428991,0.38557841622376765,0.7810882504428991,0.5,1,1
323,2,2,2,2,1,0,0,4.0,0.5310882504428991,0.46891174955710097,0.46891174955710097,0.5,1,1
324,2,2,2,2,0,1,1,2.0,0.38557841622376765,0.7810882504428991,0.7810882504428991,0.5,1,1
325,2,2,2,2,0,1,0,4.0,0.46891174955710097,0.5310882504428991,0.46891174955710097,0.5,1,1
326,2,2,2,2,0,0,1,4.0,0.46891174955710097,0.46891174955710097,0.5310882504428991,0.5,1,1
327,2,2,2,2,0,0,0,0.0,0.7189117495571009,0.7189117495571009,0.7189117495571009,0.5,1,1
328,2,2,2,3,1,1,1,0.0,0.5156046866868781,0.5156046866868781,0.5756774323330272,0.5,1,1
329,2,2,2,3,1,1,0,3.0,0.7656046866868781,0.7656046866868781,0.17432256766697288,0.5,1,1
330,2,2,2,3,1,0,1,2.0,0.4322713533535447,0.40106197997978854,0.8256774323330272,0.5,1,1
331,2,2,2,3,1,0,0,5.0,0.5156046866868781,0.4843953133131219,0.17432256766697288,0.5,1,1
332,2,2,2,3,0,1,1,2.0,0.40106197997978854,0.4322713533535447,0.8256774323330272,0.5,1,1
333,2,2,2,3,0,1,0,5.0,0.4843953133131219,0.5156046866868781,0.17432256766697288,0.5,1,1
334,2,2,2,3,0,0,1,4.0,0.4843953133131219,0.4843953133131219,0.5756774323330272,0.5,1,1
335,2,2,2,3,0,0,0,0.0,0.7343953133131219,0.7343953133131219,0.17432256766697288,0.5,1,1
336,2,2,3,1,1,1,1,0.0,0.2036667000229651,0.5156046866868782,0.5463332999770348,0.5,1,1
337,2,2,3,1,1,1,0,1.0,0.2036667000229651,0.7656046866868782,0.20366670002296514,0.5,1,1
338,2,2,3,1,1,0,1,3.0,0.2036667000229651,0.23439531331312186,0.7963332999770348,0.5,1,1
339,2,2,3,1,1,0,0,4.0,0.2036667000229651,0.23439531331312186,0.20366670002296514,0.5,1,1
340,2,2,3,1,0,1,1,2.0,0.4629999666437016,0.43227135335354483,0.46299996664370147,0.5,1,1
341,2,2,3,1,0,1,0,3.0,0.546333299977035,0.5156046866868782,0.20366670002296514,0.5,1,1
342,2,2,3,1,0,0,1,0.0,0.546333299977035,0.23439531331312186,0.5463332999770348,0.5,1,1
343,2,2,3,1,0,0,0,0.0,0.796333299977035,0.23439531331312186,0.20366670002296514,0.5,1,1
344,2,2,3,2,1,1,1,0.0,0.5156046866868781,0.5756774323330272,0.5156046866868781,0.5,1,1
345,2,2,3,2,1,1,0,2.0,0.4322713533535447,0.8256774323330272,0.40106197997978854,0.5,1,1
346,2,2,3,2,1,0,1,3.0,0.7656046866868781,0.17432256766697288,0.7656046866868781,0.5,1,1
347,2,2,3,2,1,0,0,5.0,0.5156046866868781,0.17432256766697288,0.4843953133131219,0.5,1,1
348,2,2,3,2,0,1,1,2.0,0.40106197997978854,0.8256774323330272,0.4322713533535447,0.5,1,1
349,2,2,3,2,0,1,0,4.0,0.4843953133131219,0.5756774323330272,0.4843953133131219,0.5,1,1
350,2,2,3,2,0,0,1,5.0,0.4843953133131219,0.17432256766697288,0.5156046866868781,0.5,1,1
351,2,2,3,2,0,0,0,0.0,0.7343953133131219,0.17432256766697288,0.7343953133131219,0.5,1,1
352,2,2,3,3,1,1,1,0.0,0.25,0.5612296656009272,0.5612296656009272,0.5,1,1
353,2,2,3,3,1,1,0,3.0,0.25,0.8112296656009272,0.1887703343990727,0.5,1,1
354,2,2,3,3,1,0,1,3.0,0.25,0.1887703343990727,0.8112296656009272,0.5,1,1
355,2,2,3,3,1,0,0,6.0,0.25,0.1887703343990727,0.1887703343990727,0.5,1,1
356,2,2,3,3,0,1,1,2.0,0.41666666666666663,0.477896332267594,0.477896332267594,0.5,1,1
357,2,2,3,3,0,1,0,5.0,0.5,0.5612296656009272,0.1887703343990727,0.5,1,1
358,2,2,3,3,0,0,1,5.0,0.5,0.1887703343990727,0.5612296656009272,0.5,1,1
359,2,2,3,3,0,0,0,0.0,0.75,0.1887703343990727,0.1887703343990727,0.5,1,1
360,2,3,1,1,1,1,1,0.0,0.7343953133131218,0.23439531331312186,0.23439531331312186,0.5,1,1
361,2,3,1,1,1,1,0,1.0,0.48439531331312186,0.23439531331312186,0.5156046866868782,0.5,1,1
362,2,3,1,1,1,0,1,1.0,0.48439531331312186,0.5156046866868782,0.23439531331312186,0.5,1,1
363,2,3,1,1,1,0,0,2.0,0.40106197997978854,0.43227135335354483,0.43227135335354483,0.5,1,1
364,2,3,1,1,0,1,1,3.0,0.26560468668687814,0.23439531331312186,0.23439531331312186,0.5,1,1
365,2,3,1,1,0,1,0,0.0,0.26560468668687814,0.23439531331312186,0.7656046866868782,0.5,1,1
366,2,3,1,1,0,0,1,0.0,0.26560468668687814,0.7656046866868782,0.23439531331312186,0.5,1,1
367,2,3,1,1,0,0,0,0.0,0.26560468668687814,0.5156046866868782,0.5156046866868782,0.5,1,1
368,2,3,1,2,1,1,1,0.0,0.5156046866868782,0.5463332999770348,0.2036667000229651,0.5,1,1
369,2,3,1,2,1,1,0,2.0,0.43227135335354483,0.46299996664370147,0.4629999666437016,0.5,1,1
370,2,3,1,2,1,0,1,1.0,0.7656046866868782,0.20366670002296514,0.2036667000229651,0.5,1,1
371,2,3,1,2,1,0,0,3.0,0.5156046866868782,0.20366670002296514,0.546333299977035,0.5,1,1
372,2,3,1,2,0,1,1,3.0,0.23439531331312186,0.7963332999770348,0.2036667000229651,0.5,1,1
373,2,3,1,2,0,1,0,0.0,0.23439531331312186,0.5463332999770348,0.546333299977035,0.5,1,1
374,2,3,1,2,0,0,1,4.0,0.23439531331312186,0.20366670002296514,0.2036667000229651,0.5,1,1
375,2,3,1,2,0,0,0,0.0,0.23439531331312186,0.20366670002296514,0.796333299977035,0.5,1,1
376,2,3,1,3,1,1,1,0.0,0.48439531331312186,0.5463332999770348,0.48439531331312186,0.5,1,1
377,2,3,1,3,1,1,0,3.0,0.40106197997978854,0.7963332999770348,0.43227135335354483,0.5,1,1
378,2,3,1,3,1,0,1,1.0,0.7343953133131218,0.20366670002296514,0.7343953133131218,0.5,1,1
379,2,3,1,3,1,0,0,4.0,0.48439531331312186,0.20366670002296514,0.5156046866868782,0.5,1,1
380,2,3,1,3,0,1,1,3.0,0.43227135335354483,0.7963332999770348,0.40106197997978854,0.5,1,1
381,2,3,1,3,0,1,0,0.0,0.5156046866868782,0.5463332999770348,0.5156046866868782,0.5,1,1
382,2,3,1,3,0,0,1,4.0,0.5156046866868782,0.20366670002296514,0.48439531331312186,0.5,1,1
383,2,3,1,3,0,0,0,0.0,0.7656046866868782,0.20366670002296514,0.7656046866868782,0.5,1,1
384,2,3,2,1,1,1,1,0.0,0.5156046866868782,0.2036667000229651,0.5463332999770348,0.5,1,1
385,2,3,2,1,1,1,0,1.0,0.7656046866868782,0.2036667000229651,0.20366670002296514,0.5,1,1
386,2,3,2,1,1,0,1,2.0,0.43227135335354483,0.4629999666437016,0.46299996664370147,0.5,1,1
387,2,3,2,1,1,0,0,3.0,0.5156046866868782,0.546333299977035,0.20366670002296514,0.5,1,1
388,2,3,2,1,0,1,1,3.0,0.23439531331312186,0.2036667000229651,0.7963332999770348,0.5,1,1
389,2,3,2,1,0,1,0,4.0,0.23439531331312186,0.2036667000229651,0.20366670002296514,0.5,1,1
390,2,3,2,1,0,0,1,0.0,0.23439531331312186,0.546333299977035,0.5463332999770348,0.5,1,1
391,2,3,2,1,0,0,0,0.0,0.23439531331312186,0.796333299977035,0.20366670002296514,0.5,1,1
392,2,3,2,2,1,1,1,0.0,0.5756774323330272,0.5156046866868781,0.5156046866868781,0.5,1,1
393,2,3,2,2,1,1,0,2.0,0.8256774323330272,0.4322713533535447,0.40106197997978854,0.5,1,1
394,2,3,2,2,1,0,1,2.0,0.8256774323330272,0.40106197997978854,0.4322713533535447,0.5,1,1
395,2,3,2,2,1,0,0,4.0,0.5756774323330272,0.4843953133131219,0.4843953133131219,0.5,1,1
396,2,3,2,2,0,1,1,3.0,0.17432256766697288,0.7656046866868781,0.7656046866868781,0.5,1,1
397,2,3,2,2,0,1,0,5.0,0.17432256766697288,0.5156046866868781,0.4843953133131219,0.5,1,1
398,2,3,2,2,0,0,1,5.0,0.17432256766697288,0.4843953133131219,0.5156046866868781,0.5,1,1
399,2,3,2,2,0,0,0,0.0,0.17432256766697288,0.7343953133131219,0.7343953133131219,0.5,1,1
400,2,3,2,3,1,1,1,0.0,0.5612296656009272,0.25,0.5612296656009272,0.5,1,1
401,2,3,2,3,1,1,0,3.0,0.8112296656009272,0.25,0.1887703343990727,0.5,1,1
402,2,3,2,3,1,0,1,2.0,0.477896332267594,0.41666666666666663,0.477896332267594,0.5,1,1
403,2,3,2,3,1,0,0,5.0,0.5612296656009272,0.5,0.1887703343990727,0.5,1,1
404,2,3,2,3,0,1,1,3.0,0.1887703343990727,0.25,0.8112296656009272,0.5,1,1
405,2,3,2,3,0,1,0,6.0,0.1887703343990727,0.25,0.1887703343990727,0.5,1,1
406,2,3,2,3,0,0,1,5.0,0.1887703343990727,0.5,0.5612296656009272,0.5,1,1
407,2,3,2,3,0,0,0,0.0,0.1887703343990727,0.75,0.1887703343990727,0.5,1,1
408,2,3,3,1,1,1,1,0.0,0.48439531331312186,0.48439531331312186,0.5463332999770348,0.5,1,1
409,2,3,3,1,1,1,0,1.0,0.7343953133131218,0.7343953133131218,0.20366670002296514,0.5,1,1
410,2,3,3,1,1,0,1,3.0,0.40106197997978854,0.43227135335354483,0.7963332999770348,0.5,1,1
411,2,3,3,1,1,0,0,4.0,0.48439531331312186,0.5156046866868782,0.20366670002296514,0.5,1,1
412,2,3,3,1,0,1,1,3.0,0.43227135335354483,0.40106197997978854,0.7963332999770348,0.5,1,1
413,2,3,3,1,0,1,0,4.0,0.5156046866868782,0.48439531331312186,0.20366670002296514,0.5,1,1
414,2,3,3,1,0,0,1,0.0,0.5156046866868782,0.5156046866868782,0.5463332999770348,0.5,1,1
415,2,3,3,1,0,0,0,0.0,0.7656046866868782,0.7656046866868782,0.20366670002296514,0.5,1,1
416,2,3,3,2,1,1,1,0.0,0.5612296656009272,0.5612296656009272,0.25,0.5,1,1
417,2,3,3,2,1,1,0,2.0,0.477896332267594,0.477896332267594,0.41666666666666663,0.5,1,1
418,2,3,3,2,1,0,1,3.0,0.8112296656009272,0.1887703343990727,0.25,0.5,1,1
419,2,3,3,2,1,0,0,5.0,0.5612296656009272,0.1887703343990727,0.5,0.5,1,1
420,2,3,3,2,0,1,1,3.0,0.1887703343990727,0.8112296656009272,0.25,0.5,1,1
421,2,3,3,2,0,1,0,5.0,0.1887703343990727,0.5612296656009272,0.5,0.5,1,1
422,2,3,3,2,0,0,1,6.0,0.1887703343990727,0.1887703343990727,0.25,0.5,1,1
423,2,3,3,2,0,0,0,0.0,0.1887703343990727,0.1887703343990727,0.75,0.5,1,1
424,2,3,3,3,1,1,1,0.0,0.546333299977035,0.546333299977035,0.546333299977035,0.5,1,1
425,2,3,3,3,1,1,0,3.0,0.796333299977035,0.796333299977035,0.3703333666896318,0.5,1,1
426,2,3,3,3,1,0,1,3.0,0.796333299977035,0.3703333666896318,0.796333299977035,0.5,1,1
427,2,3,3,3,1,0,0,6.0,0.546333299977035,0.4536667000229651,0.4536667000229651,0.5,1,1
428,2,3,3,3,0,1,1,3.0,0.3703333666896318,0.796333299977035,0.796333299977035,0.5,1,1
429,2,3,3,3,0,1,0,6.0,0.4536667000229651,0.546333299977035,0.4536667000229651,0.5,1,1
430,2,3,3,3,0,0,1,6.0,0.4536667000229651,0.4536667000229651,0.546333299977035,0.5,1,1
431,2,3,3,3,0,0,0,0.0,0.703666700022965,0.703666700022965,0.703666700022965,0.5,1,1
432,3,1,1,1,1,1,1,0.0,0.25,0.25,0.25,0.5,1,1
433,3,1,1,1,1,1,0,0.0,0.25,0.25,0.25,0.5,1,1
434,3,1,1,1,1,0,1,0.0,0.25,0.25,0.25,0.5,1,1
435,3,1,1,1,1,0,0,0.0,0.25,0.25,0.25,0.5,1,1
436,3,1,1,1,0,1,1,0.0,0.25,0.25,0.25,0.5,1,1
437,3,1,1,1,0,1,0,0.0,0.25,0.25,0.25,0.5,1,1
438,3,1,1,1,0,0,1,0.0,0.25,0.25,0.25,0.5,1,1
439,3,1,1,1,0,0,0,0.0,0.25,0.25,0.25,0.5,1,1
440,3,1,1,2,1,1,1,0.0,0.75,0.75,0.21891174955710097,0.5,1,1
441,3,1,1,2,1,1,0,0.0,0.5,0.5,0.5310882504428991,0.5,1,1
442,3,1,1,2,1,0,1,1.0,0.5,0.5,0.21891174955710097,0.5,1,1
443,3,1,1,2,1,0,0,0.0,0.41666666666666663,0.41666666666666663,0.7810882504428991,0.5,1,1
444,3,1,1,2,0,1,1,1.0,0.5,0.5,0.21891174955710097,0.5,1,1
445,3,1,1,2,0,1,0,0.0,0.41666666666666663,0.41666666666666663,0.7810882504428991,0.5,1,1
446,3,1,1,2,0,0,1,0.0,0.75,0.75,0.21891174955710097,0.5,1,1
447,3,1,1,2,0,0,0,0.0,0.5,0.5,0.5310882504428991,0.5,1,1
448,3,1,1,3,1,1,1,0.0,0.5310882504428991,0.5310882504428991,0.1887703343990727,0.5,1,1
449,3,1,1,3,1,1,0,0.0,0.4477549171095657,0.4477549171095657,0.477896332267594,0.5,1,1
450,3,1,1,3,1,0,1,1.0,0.7810882504428991,0.21891174955710094,0.1887703343990727,0.5,1,1
451,3,1,1,3,1,0,0,0.0,0.5310882504428991,0.21891174955710094,0.5612296656009272,0.5,1,1
452,3,1,1,3,0,1,1,1.0,0.21891174955710094,0.7810882504428991,0.1887703343990727,0.5,1,1
453,3,1,1,3,0,1,0,0.0,0.21891174955710094,0.5310882504428991,0.5612296656009272,0.5,1,1
454,3,1,1,3,0,0,1,2.0,0.21891174955710094,0.21891174955710094,0.1887703343990727,0.5,1,1
455,3,1,1,3,0,0,0,0.0,0.21891174955710094,0.21891174955710094,0.8112296656009272,0.5,1,1
456,3,1,2,1,1,1,1,0.0,0.75,0.21891174955710097,0.75,0.5,1,1
457,3,1,2,1,1,1,0,1.0,0.5,0.21891174955710097,0.5,0.5,1,1
458,3,1,2,1,1,0,1,0.0,0.5,0.5310882504428991,0.5,0.5,1,1
459,3,1,2,1,1,0,0,0.0,0.41666666666666663,0.7810882504428991,0.41666666666666663,0.5,1,1
460,3,1,2,1,0,1,1,1.0,0.5,0.21891174955710097,0.5,0.5,1,1
461,3,1,2,1,0,1,0,0.0,0.75,0.21891174955710097,0.75,0.5,1,1
462,3,1,2,1,0,0,1,0.0,0.41666666666666663,0.7810882504428991,0.41666666666666663,0.5,1,1
463,3,1,2,1,0,0,0,0.0,0.5,0.5310882504428991,0.5,0.5,1,1
464,3,1,2,2,1,1,1,0.0,0.2036667000229651,0.7343953133131218,0.7343953133131218,0.5,1,1
465,3,1,2,2,1,1,0,2.0,0.2036667000229651,0.48439531331312186,0.5156046866868782,0.5,1,1
466,3,1,2,2,1,0,1,2.0,0.2036667000229651,0.5156046866868782,0.48439531331312186,0.5,1,1
467,3,1,2,2,1,0,0,0.0,0.2036667000229651,0.7656046866868782,0.7656046866868782,0.5,1,1
468,3,1,2,2,0,1,1,1.0,0.546333299977035,0.48439531331312186,0.48439531331312186,0.5,1,1
469,3,1,2,2,0,1,0,0.0,0.796333299977035,0.40106197997978854,0.43227135335354483,0.5,1,1
470,3,1,2,2,0,0,1,0.0,0.796333299977035,0.43227135335354483,0.40106197997978854,0.5,1,1
471,3,1,2,2,0,0,0,0.0,0.546333299977035,0.5156046866868782,0.5156046866868782,0.5,1,1
472,3,1,2,3,1,1,1,0.0,0.48439531331312186,0.5156046866868781,0.703666700022965,0.5,1,1
473,3,1,2,3,1,1,0,3.0,0.40106197997978854,0.4322713533535447,0.4629999666437016,0.5,1,1
474,3,1,2,3,1,0,1,2.0,0.7343953133131218,0.4843953133131219,0.4536667000229651,0.5,1,1
475,3,1,2,3,1,0,0,0.0,0.48439531331312186,0.7343953133131219,0.546333299977035,0.5,1,1
476,3,1,2,3,0,1,1,1.0,0.5156046866868782,0.7656046866868781,0.4536667000229651,0.5,1,1
477,3,1,2,3,0,1,0,0.0,0.7656046866868782,0.5156046866868781,0.546333299977035,0.5,1,1
478,3,1,2,3,0,0,1,3.0,0.43227135335354483,0.40106197997978854,0.3703333666896318,0.5,1,1
479,3,1,2,3,0,0,0,0.0,0.5156046866868782,0.4843953133131219,0.796333299977035,0.5,1,1
480,3,1,3,1,1,1,1,0.0,0.5310882504428991,0.1887703343990727,0.5310882504428991,0.5,1,1
481,3,1,3,1,1,1,0,1.0,0.7810882504428991,0.1887703343990727,0.21891174955710094,0.5,1,1
482,3,1,3,1,1,0,1,0.0,0.4477549171095657,0.477896332267594,0.4477549171095657,0.5,1,1
483,3,1,3,1,1,0,0,0.0,0.5310882504428991,0.5612296656009272,0.21891174955710094,0.5,1,1
484,3,1,3,1,0,1,1,1.0,0.21891174955710094,0.1887703343990727,0.7810882504428991,0.5,1,1
485,3,1,3,1,0,1,0,2.0,0.21891174955710094,0.1887703343990727,0.21891174955710094,0.5,1,1
486,3,1,3,1,0,0,1,0.0,0.21891174955710094,0.5612296656009272,0.5310882504428991,0.5,1,1
487,3,1,3,1,0,0,0,0.0,0.21891174955710094,0.8112296656009272,0.21891174955710094,0.5,1,1
488,3,1,3,2,1,1,1,0.0,0.48439531331312186,0.703666700022965,0.5156046866868781,0.5,1,1
489,3,1,3,2,1,1,0,2.0,0.7343953133131218,0.4536667000229651,0.4843953133131219,0.5,1,1
490,3,1,3,2,1,0,1,3.0,0.40106197997978854,0.4629999666437016,0.4322713533535447,0.5,1,1
491,3,1,3,2,1,0,0,0.0,0.48439531331312186,0.546333299977035,0.7343953133131219,0.5,1,1
492,3,1,3,2,0,1,1,1.0,0.5156046866868782,0.4536667000229651,0.7656046866868781,0.5,1,1
493,3,1,3,2,0,1,0,3.0,0.43227135335354483,0.3703333666896318,0.40106197997978854,0.5,1,1
494,3,1,3,2,0,0,1,0.0,0.7656046866868782,0.546333299977035,0.5156046866868781,0.5,1,1
495,3,1,3,2,0,0,0,0.0,0.5156046866868782,0.796333299977035,0.4843953133131219,0.5,1,1
496,3,1,3,3,1,1,1,0.0,0.5463332999770348,0.48439531331312186,0.48439531331312186,0.5,1,1
497,3,1,3,3,1,1,0,3.0,0.7963332999770348,0.40106197997978854,0.43227135335354483,0.5,1,1
498,3,1,3,3,1,0,1,3.0,0.7963332999770348,0.43227135335354483,0.40106197997978854,0.5,1,1
499,3,1,3,3,1,0,0,0.0,0.5463332999770348,0.5156046866868782,0.5156046866868782,0.5,1,1
500,3,1,3,3,0,1,1,1.0,0.20366670002296514,0.7343953133131218,0.7343953133131218,0.5,1,1
501,3,1,3,3,0,1,0,4.0,0.20366670002296514,0.48439531331312186,0.5156046866868782,0.5,1,1
502,3,1,3,3,0,0,1,4.0,0.20366670002296514,0.5156046866868782,0.48439531331312186,0.5,1,1
503,3,1,3,3,0,0,0,0.0,0.20366670002296514,0.7656046866868782,0.7656046866868782,0.5,1,1
504,3,2,1,1,1,1,1,0.0,0.21891174955710097,0.75,0.75,0.5,1,1
505,3,2,1,1,1,1,0,1.0,0.21891174955710097,0.5,0.5,0.5,1,1
506,3,2,1,1,1,0,1,1.0,0.21891174955710097,0.5,0.5,0.5,1,1
507,3,2,1,1,1,0,0,0.0,0.21891174955710097,0.75,0.75,0.5,1,1
508,3,2,1,1,0,1,1,0.0,0.5310882504428991,0.5,0.5,0.5,1,1
509,3,2,1,1,0,1,0,0.0,0.7810882504428991,0.41666666666666663,0.41666666666666663,0.5,1,1
510,3,2,1,1,0,0,1,0.0,0.7810882504428991,0.41666666666666663,0.41666666666666663,0.5,1,1
511,3,2,1,1,0,0,0,0.0,0.5310882504428991,0.5,0.5,0.5,1,1
512,3,2,1,2,1,1,1,0.0,0.7343953133131218,0.2036667000229651,0.7343953133131218,0.5,1,1
513,3,2,1,2,1,1,0,2.0,0.48439531331312186,0.2036667000229651,0.5156046866868782,0.5,1,1
514,3,2,1,2,1,0,1,1.0,0.48439531331312186,0.546333299977035,0.48439531331312186,0.5,1,1
515,3,2,1,2,1,0,0,0.0,0.40106197997978854,0.796333299977035,0.43227135335354483,0.5,1,1
516,3,2,1,2,0,1,1,2.0,0.5156046866868782,0.2036667000229651,0.48439531331312186,0.5,1,1
517,3,2,1,2,0,1,0,0.0,0.7656046866868782,0.2036667000229651,0.7656046866868782,0.5,1,1
518,3,2,1,2,0,0,1,0.0,0.43227135335354483,0.796333299977035,0.40106197997978854,0.5,1,1
519,3,2,1,2,0,0,0,0.0,0.5156046866868782,0.546333299977035,0.5156046866868782,0.5,1,1
520,3,2,1,3,1,1,1,0.0,0.5156046866868781,0.48439531331312186,0.703666700022965,0.5,1,1
521,3,2,1,3,1,1,0,3.0,0.4322713533535447,0.40106197997978854,0.4629999666437016,0.5,1,1
522,3,2,1,3,1,0,1,1.0,0.7656046866868781,0.5156046866868782,0.4536667000229651,0.5,1,1
523,3,2,1,3,1,0,0,0.0,0.5156046866868781,0.7656046866868782,0.546333299977035,0.5,1,1
524,3,2,1,3,0,1,1,2.0,0.4843953133131219,0.7343953133131218,0.4536667000229651,0.5,1,1
525,3,2,1,3,0,1,0,0.0,0.7343953133131219,0.48439531331312186,0.546333299977035,0.5,1,1
526,3,2,1,3,0,0,1,3.0,0.40106197997978854,0.43227135335354483,0.3703333666896318,0.5,1,1
527,3,2,1,3,0,0,0,0.0,0.4843953133131219,0.5156046866868782,0.796333299977035,0.5,1,1
528,3,2,2,1,1,1,1,0.0,0.7343953133131218,0.7343953133131218,0.2036667000229651,0.5,1,1
529,3,2,2,1,1,1,0,1.0,0.48439531331312186,0.48439531331312186,0.546333299977035,0.5,1,1
530,3,2,2,1,1,0,1,2.0,0.48439531331312186,0.5156046866868782,0.2036667000229651,0.5,1,1
531,3,2,2,1,1,0,0,0.0,0.40106197997978854,0.43227135335354483,0.796333299977035,0.5,1,1
532,3,2,2,1,0,1,1,2.0,0.5156046866868782,0.48439531331312186,0.2036667000229651,0.5,1,1
533,3,2,2,1,0,1,0,0.0,0.43227135335354483,0.40106197997978854,0.796333299977035,0.5,1,1
534,3,2,2,1,0,0,1,0.0,0.7656046866868782,0.7656046866868782,0.2036667000229651,0.5,1,1
535,3,2,2,1,0,0,0,0.0,0.5156046866868782,0.5156046866868782,0.546333299977035,0.5,1,1
536,3,2,2,2,1,1,1,0.0,0.7189117495571009,0.7189117495571009,0.7189117495571009,0.5,1,1
537,3,2,2,2,1,1,0,2.0,0.4689117495571009,0.4689117495571009,0.5310882504428991,0.5,1,1
538,3,2,2,2,1,0,1,2.0,0.4689117495571009,0.5310882504428991,0.4689117495571009,0.5,1,1
539,3,2,2,2,1,0,0,0.0,0.38557841622376754,0.7810882504428991,0.7810882504428991,0.5,1,1
540,3,2,2,2,0,1,1,2.0,0.5310882504428991,0.4689117495571009,0.4689117495571009,0.5,1,1
541,3,2,2,2,0,1,0,0.0,0.7810882504428991,0.38557841622376754,0.7810882504428991,0.5,1,1
542,3,2,2,2,0,0,1,0.0,0.7810882504428991,0.7810882504428991,0.38557841622376754,0.5,1,1
543,3,2,2,2,0,0,0,0.0,0.5310882504428991,0.5310882504428991,0.5310882504428991,0.5,1,1
544,3,2,2,3,1,1,1,0.0,0.5156046866868782,0.5156046866868782,0.1743225676669729,0.5,1,1
545,3,2,2,3,1,1,0,3.0,0.43227135335354483,0.43227135335354483,0.4923440989996938,0.5,1,1
546,3,2,2,3,1,0,1,2.0,0.7656046866868782,0.23439531331312186,0.1743225676669729,0.5,1,1
547,3,2,2,3,1,0,0,0.0,0.5156046866868782,0.23439531331312186,0.5756774323330272,0.5,1,1
548,3,2,2,3,0,1,1,2.0,0.23439531331312186,0.7656046866868782,0.1743225676669729,0.5,1,1
549,3,2,2,3,0,1,0,0.0,0.23439531331312186,0.5156046866868782,0.5756774323330272,0.5,1,1
550,3,2,2,3,0,0,1,4.0,0.23439531331312186,0.23439531331312186,0.1743225676669729,0.5,1,1
551,3,2,2,3,0,0,0,0.0,0.23439531331312186,0.23439531331312186,0.8256774323330272,0.5,1,1
552,3,2,3,1,1,1,1,0.0,0.5156046866868781,0.703666700022965,0.48439531331312186,0.5,1,1
553,3,2,3,1,1,1,0,1.0,0.7656046866868781,0.4536667000229651,0.5156046866868782,0.5,1,1
554,3,2,3,1,1,0,1,3.0,0.4322713533535447,0.4629999666437016,0.40106197997978854,0.5,1,1
555,3,2,3,1,1,0,0,0.0,0.5156046866868781,0.546333299977035,0.7656046866868782,0.5,1,1
556,3,2,3,1,0,1,1,2.0,0.4843953133131219,0.4536667000229651,0.7343953133131218,0.5,1,1
557,3,2,3,1,0,1,0,3.0,0.40106197997978854,0.3703333666896318,0.43227135335354483,0.5,1,1
558,3,2,3,1,0,0,1,0.0,0.7343953133131219,0.546333299977035,0.48439531331312186,0.5,1,1
559,3,2,3,1,0,0,0,0.0,0.4843953133131219,0.796333299977035,0.5156046866868782,0.5,1,1
560,3,2,3,2,1,1,1,0.0,0.5156046866868782,0.1743225676669729,0.5156046866868782,0.5,1,1
561,3,2,3,2,1,1,0,2.0,0.7656046866868782,0.1743225676669729,0.23439531331312186,0.5,1,1
562,3,2,3,2,1,0,1,3.0,0.43227135335354483,0.4923440989996938,0.43227135335354483,0.5,1,1
563,3,2,3,2,1,0,0,0.0,0.5156046866868782,0.5756774323330272,0.23439531331312186,0.5,1,1
564,3,2,3,2,0,1,1,2.0,0.23439531331312186,0.1743225676669729,0.7656046866868782,0.5,1,1
565,3,2,3,2,0,1,0,4.0,0.23439531331312186,0.1743225676669729,0.23439531331312186,0.5,1,1
566,3,2,3,2,0,0,1,0.0,0.23439531331312186,0.5756774323330272,0.5156046866868782,0.5,1,1
567,3,2,3,2,0,0,0,0.0,0.23439531331312186,0.8256774323330272,0.23439531331312186,0.5,1,1
568,3,2,3,3,1,1,1,0.0,0.5895893495876965,0.4689117495571009,0.4689117495571009,0.5,1,1
569,3,2,3,3,1,1,0,3.0,0.8395893495876965,0.38557841622376754,0.4477549171095657,0.5,1,1
570,3,2,3,3,1,0,1,3.0,0.8395893495876965,0.4477549171095657,0.38557841622376754,0.5,1,1
571,3,2,3,3,1,0,0,0.0,0.5895893495876965,0.5310882504428991,0.5310882504428991,0.5,1,1
572,3,2,3,3,0,1,1,2.0,0.16041065041230354,0.7189117495571009,0.7189117495571009,0.5,1,1
573,3,2,3,3,0,1,0,5.0,0.16041065041230354,0.4689117495571009,0.5310882504428991,0.5,1,1
574,3,2,3,3,0,0,1,5.0,0.16041065041230354,0.5310882504428991,0.4689117495571009,0.5,1,1
575,3,2,3,3,0,0,0,0.0,0.16041065041230354,0.7810882504428991,0.7810882504428991,0.5,1,1
576,3,3,1,1,1,1,1,0.0,0.1887703343990727,0.5310882504428991,0.5310882504428991,0.5,1,1
577,3,3,1,1,1,1,0,1.0,0.1887703343990727,0.7810882504428991,0.21891174955710094,0.5,1,1
578,3,3,1,1,1,0,1,1.0,0.1887703343990727,0.21891174955710094,0.7810882504428991,0.5,1,1
579,3,3,1,1,1,0,0,2.0,0.1887703343990727,0.21891174955710094,0.21891174955710094,0.5,1,1
580,3,3,1,1,0,1,1,0.0,0.477896332267594,0.4477549171095657,0.4477549171095657,0.5,1,1
581,3,3,1,1,0,1,0,0.0,0.5612296656009272,0.5310882504428991,0.21891174955710094,0.5,1,1
582,3,3,1,1,0,0,1,0.0,0.5612296656009272,0.21891174955710094,0.5310882504428991,0.5,1,1
583,3,3,1,1,0,0,0,0.0,0.8112296656009272,0.21891174955710094,0.21891174955710094,0.5,1,1
584,3,3,1,2,1,1,1,0.0,0.703666700022965,0.48439531331312186,0.5156046866868781,0.5,1,1
585,3,3,1,2,1,1,0,2.0,0.4536667000229651,0.7343953133131218,0.4843953133131219,0.5,1,1
586,3,3,1,2,1,0,1,1.0,0.4536667000229651,0.5156046866868782,0.7656046866868781,0.5,1,1
587,3,3,1,2,1,0,0,3.0,0.3703333666896318,0.43227135335354483,0.40106197997978854,0.5,1,1
588,3,3,1,2,0,1,1,3.0,0.4629999666437016,0.40106197997978854,0.4322713533535447,0.5,1,1
589,3,3,1,2,0,1,0,0.0,0.546333299977035,0.48439531331312186,0.7343953133131219,0.5,1,1
590,3,3,1,2,0,0,1,0.0,0.546333299977035,0.7656046866868782,0.5156046866868781,0.5,1,1
591,3,3,1,2,0,0,0,0.0,0.796333299977035,0.5156046866868782,0.4843953133131219,0.5,1,1
592,3,3,1,3,1,1,1,0.0,0.48439531331312186,0.5463332999770348,0.48439531331312186,0.5,1,1
593,3,3,1,3,1,1,0,3.0,0.40106197997978854,0.7963332999770348,0.43227135335354483,0.5,1,1
594,3,3,1,3,1,0,1,1.0,0.7343953133131218,0.20366670002296514,0.7343953133131218,0.5,1,1
595,3,3,1,3,1,0,0,4.0,0.48439531331312186,0.20366670002296514,0.5156046866868782,0.5,1,1
596,3,3,1,3,0,1,1,3.0,0.43227135335354483,0.7963332999770348,0.40106197997978854,0.5,1,1
597,3,3,1,3,0,1,0,0.0,0.5156046866868782,0.5463332999770348,0.5156046866868782,0.5,1,1
598,3,3,1,3,0,0,1,4.0,0.5156046866868782,0.20366670002296514,0.48439531331312186,0.5,1,1
599,3,3,1,3,0,0,0,0.0,0.7656046866868782,0.20366670002296514,0.7656046866868782,0.5,1,1
600,3,3,2,1,1,1,1,0.0,0.703666700022965,0.5156046866868781,0.48439531331312186,0.5,1,1
601,3,3,2,1,1,1,0,1.0,0.4536667000229651,0.7656046866868781,0.5156046866868782,0.5,1,1
602,3,3,2,1,1,0,1,2.0,0.4536667000229651,0.4843953133131219,0.7343953133131218,0.5,1,1
603,3,3,2,1,1,0,0,3.0,0.3703333666896318,0.40106197997978854,0.43227135335354483,0.5,1,1
604,3,3,2,1,0,1,1,3.0,0.4629999666437016,0.4322713533535447,0.40106197997978854,0.5,1,1
605,3,3,2,1,0,1,0,0.0,0.546333299977035,0.5156046866868781,0.7656046866868782,0.5,1,1
606,3,3,2,1,0,0,1,0.0,0.546333299977035,0.7343953133131219,0.48439531331312186,0.5,1,1
607,3,3,2,1,0,0,0,0.0,0.796333299977035,0.4843953133131219,0.5156046866868782,0.5,1,1
608,3,3,2,2,1,1,1,0.0,0.1743225676669729,0.5156046866868782,0.5156046866868782,0.5,1,1
609,3,3,2,2,1,1,0,2.0,0.1743225676669729,0.7656046866868782,0.23439531331312186,0.5,1,1
610,3,3,2,2,1,0,1,2.0,0.1743225676669729,0.23439531331312186,0.7656046866868782,0.5,1,1
611,3,3,2,2,1,0,0,4.0,0.1743225676669729,0.23439531331312186,0.23439531331312186,0.5,1,1
612,3,3,2,2,0,1,1,3.0,0.4923440989996938,0.43227135335354483,0.43227135335354483,0.5,1,1
613,3,3,2,2,0,1,0,0.0,0.5756774323330272,0.5156046866868782,0.23439531331312186,0.5,1,1
614,3,3,2,2,0,0,1,0.0,0.5756774323330272,0.23439531331312186,0.5156046866868782,0.5,1,1
615,3,3,2,2,0,0,0,0.0,0.8256774323330272,0.23439531331312186,0.23439531331312186,0.5,1,1
616,3,3,2,3,1,1,1,0.0,0.4689117495571009,0.5895893495876965,0.4689117495571009,0.5,1,1
617,3,3,2,3,1,1,0,3.0,0.38557841622376754,0.8395893495876965,0.4477549171095657,0.5,1,1
618,3,3,2,3,1,0,1,2.0,0.7189117495571009,0.16041065041230354,0.7189117495571009,0.5,1,1
619,3,3,2,3,1,0,0,5.0,0.4689117495571009,0.16041065041230354,0.5310882504428991,0.5,1,1
620,3,3,2,3,0,1,1,3.0,0.4477549171095657,0.8395893495876965,0.38557841622376754,0.5,1,1
621,3,3,2,3,0,1,0,0.0,0.5310882504428991,0.5895893495876965,0.5310882504428991,0.5,1,1
622,3,3,2,3,0,0,1,5.0,0.5310882504428991,0.16041065041230354,0.4689117495571009,0.5,1,1
623,3,3,2,3,0,0,0,0.0,0.7810882504428991,0.16041065041230354,0.7810882504428991,0.5,1,1
624,3,3,3,1,1,1,1,0.0,0.48439531331312186,0.48439531331312186,0.5463332999770348,0.5,1,1
625,3,3,3,1,1,1,0,1.0,0.7343953133131218,0.7343953133131218,0.20366670002296514,0.5,1,1
626,3,3,3,1,1,0,1,3.0,0.40106197997978854,0.43227135335354483,0.7963332999770348,0.5,1,1
627,3,3,3,1,1,0,0,4.0,0.48439531331312186,0.5156046866868782,0.20366670002296514,0.5,1,1
628,3,3,3,1,0,1,1,3.0,0.43227135335354483,0.40106197997978854,0.7963332999770348,0.5,1,1
629,3,3,3,1,0,1,0,4.0,0.5156046866868782,0.48439531331312186,0.20366670002296514,0.5,1,1
630,3,3,3,1,0,0,1,0.0,0.5156046866868782,0.5156046866868782,0.5463332999770348,0.5,1,1
631,3,3,3,1,0,0,0,0.0,0.7656046866868782,0.7656046866868782,0.20366670002296514,0.5,1,1
632,3,3,3,2,1,1,1,0.0,0.4689117495571009,0.4689117495571009,0.5895893495876965,0.5,1,1
633,3,3,3,2,1,1,0,2.0,0.7189117495571009,0.7189117495571009,0.16041065041230354,0.5,1,1
634,3,3,3,2,1,0,1,3.0,0.38557841622376754,0.4477549171095657,0.8395893495876965,0.5,1,1
635,3,3,3,2,1,0,0,5.0,0.4689117495571009,0.5310882504428991,0.16041065041230354,0.5,1,1
636,3,3,3,2,0,1,1,3.0,0.4477549171095657,0.38557841622376754,0.8395893495876965,0.5,1,1
637,3,3,3,2,0,1,0,5.0,0.5310882504428991,0.4689117495571009,0.16041065041230354,0.5,1,1
638,3,3,3,2,0,0,1,0.0,0.5310882504428991,0.5310882504428991,0.5895893495876965,0.5,1,1
639,3,3,3,2,0,0,0,0.0,0.7810882504428991,0.7810882504428991,0.16041065041230354,0.5,1,1
640,3,3,3,3,1,1,1,0.0,0.546333299977035,0.546333299977035,0.546333299977035,0.5,1,1
641,3,3,3,3,1,1,0,3.0,0.796333299977035,0.796333299977035,0.3703333666896318,0.5,1,1
642,3,3,3,3,1,0,1,3.0,0.796333299977035,0.3703333666896318,0.796333299977035,0.5,1,1
643,3,3,3,3,1,0,0,6.0,0.546333299977035,0.4536667000229651,0.4536667000229651,0.5,1,1
644,3,3,3,3,0,1,1,3.0,0.3703333666896318,0.796333299977035,0.796333299977035,0.5,1,1
645,3,3,3,3,0,1,0,6.0,0.4536667000229651,0.546333299977035,0.4536667000229651,0.5,1,1
646,3,3,3,3,0,0,1,6.0,0.4536667000229651,0.4536667000229651,0.546333299977035,0.5,1,1
647,3,3,3,3,0,0,0,0.0,0.703666700022965,0.703666700022965,0.703666700022965,0.5,1,1
